mode: atomic
github.com/veilence/veilence-mx/backend/cmd/migrate/main.go:23.13,28.22 3 0
github.com/veilence/veilence-mx/backend/cmd/migrate/main.go:28.22,31.3 2 0
github.com/veilence/veilence-mx/backend/cmd/migrate/main.go:33.2,34.15 2 0
github.com/veilence/veilence-mx/backend/cmd/migrate/main.go:34.15,37.3 2 0
github.com/veilence/veilence-mx/backend/cmd/migrate/main.go:39.2,40.16 2 0
github.com/veilence/veilence-mx/backend/cmd/migrate/main.go:40.16,43.3 2 0
github.com/veilence/veilence-mx/backend/cmd/migrate/main.go:44.2,46.34 2 0
github.com/veilence/veilence-mx/backend/cmd/migrate/main.go:46.34,49.3 2 0
github.com/veilence/veilence-mx/backend/cmd/migrate/main.go:51.2,51.20 1 0
github.com/veilence/veilence-mx/backend/cmd/migrate/main.go:52.12,53.52 1 0
github.com/veilence/veilence-mx/backend/cmd/migrate/main.go:53.52,56.4 2 0
github.com/veilence/veilence-mx/backend/cmd/migrate/main.go:57.3,57.49 1 0
github.com/veilence/veilence-mx/backend/cmd/migrate/main.go:59.14,60.50 1 0
github.com/veilence/veilence-mx/backend/cmd/migrate/main.go:60.50,63.4 2 0
github.com/veilence/veilence-mx/backend/cmd/migrate/main.go:64.3,64.44 1 0
github.com/veilence/veilence-mx/backend/cmd/migrate/main.go:66.18,67.57 1 0
github.com/veilence/veilence-mx/backend/cmd/migrate/main.go:67.57,70.4 2 0
github.com/veilence/veilence-mx/backend/cmd/migrate/main.go:71.3,71.48 1 0
github.com/veilence/veilence-mx/backend/cmd/migrate/main.go:73.17,75.17 2 0
github.com/veilence/veilence-mx/backend/cmd/migrate/main.go:75.17,78.4 2 0
github.com/veilence/veilence-mx/backend/cmd/migrate/main.go:79.3,79.57 1 0
github.com/veilence/veilence-mx/backend/cmd/migrate/main.go:81.10,83.13 2 0
github.com/veilence/veilence-mx/backend/cmd/server/main.go:34.13,40.17 4 0
github.com/veilence/veilence-mx/backend/cmd/server/main.go:40.17,43.3 2 0
github.com/veilence/veilence-mx/backend/cmd/server/main.go:44.2,49.87 6 0
github.com/veilence/veilence-mx/backend/cmd/server/main.go:49.87,50.30 1 0
github.com/veilence/veilence-mx/backend/cmd/server/main.go:50.30,53.4 2 0
github.com/veilence/veilence-mx/backend/cmd/server/main.go:53.9,56.4 2 0
github.com/veilence/veilence-mx/backend/cmd/server/main.go:58.2,68.16 10 0
github.com/veilence/veilence-mx/backend/cmd/server/main.go:68.16,71.3 2 0
github.com/veilence/veilence-mx/backend/cmd/server/main.go:72.2,85.39 3 0
github.com/veilence/veilence-mx/backend/cmd/server/main.go:85.39,87.3 1 0
github.com/veilence/veilence-mx/backend/cmd/server/main.go:90.2,95.16 2 0
github.com/veilence/veilence-mx/backend/cmd/server/main.go:95.16,98.3 2 0
github.com/veilence/veilence-mx/backend/cmd/server/main.go:99.2,106.76 5 0
github.com/veilence/veilence-mx/backend/cmd/server/main.go:106.76,108.17 2 0
github.com/veilence/veilence-mx/backend/cmd/server/main.go:108.17,110.4 1 0
github.com/veilence/veilence-mx/backend/cmd/server/main.go:110.9,110.27 1 0
github.com/veilence/veilence-mx/backend/cmd/server/main.go:110.27,112.4 1 0
github.com/veilence/veilence-mx/backend/cmd/server/main.go:114.2,162.59 22 0
github.com/veilence/veilence-mx/backend/cmd/server/main.go:162.59,163.46 1 0
github.com/veilence/veilence-mx/backend/cmd/server/main.go:163.46,164.54 1 0
github.com/veilence/veilence-mx/backend/cmd/server/main.go:164.54,166.5 1 0
github.com/veilence/veilence-mx/backend/cmd/server/main.go:168.3,168.91 1 0
github.com/veilence/veilence-mx/backend/cmd/server/main.go:170.2,184.31 8 0
github.com/veilence/veilence-mx/backend/cmd/server/main.go:184.31,186.3 1 0
github.com/veilence/veilence-mx/backend/cmd/server/main.go:186.8,188.3 1 0
github.com/veilence/veilence-mx/backend/cmd/server/main.go:189.2,213.12 6 0
github.com/veilence/veilence-mx/backend/cmd/server/main.go:213.12,224.54 8 0
github.com/veilence/veilence-mx/backend/cmd/server/main.go:224.54,226.4 1 0
github.com/veilence/veilence-mx/backend/cmd/server/main.go:229.2,230.89 2 0
github.com/veilence/veilence-mx/backend/cmd/server/main.go:230.89,233.3 2 0
github.com/veilence/veilence-mx/backend/cmd/server/main.go:235.2,235.29 1 0
github.com/veilence/veilence-mx/backend/cmd/server/main.go:238.84,242.35 3 0
github.com/veilence/veilence-mx/backend/cmd/server/main.go:242.35,243.48 1 0
github.com/veilence/veilence-mx/backend/cmd/server/main.go:243.48,246.78 2 0
github.com/veilence/veilence-mx/backend/cmd/server/main.go:246.78,248.5 1 0
github.com/veilence/veilence-mx/backend/cmd/server/main.go:248.10,250.5 1 0
github.com/veilence/veilence-mx/backend/cmd/server/main.go:251.9,251.57 1 0
github.com/veilence/veilence-mx/backend/cmd/server/main.go:251.57,255.31 3 0
github.com/veilence/veilence-mx/backend/cmd/server/main.go:255.31,259.27 3 0
github.com/veilence/veilence-mx/backend/cmd/server/main.go:259.27,260.84 1 0
github.com/veilence/veilence-mx/backend/cmd/server/main.go:260.84,262.7 1 0
github.com/veilence/veilence-mx/backend/cmd/server/main.go:262.12,264.7 1 0
github.com/veilence/veilence-mx/backend/cmd/server/main.go:265.11,269.6 2 0
github.com/veilence/veilence-mx/backend/cmd/server/main.go:270.10,273.79 2 0
github.com/veilence/veilence-mx/backend/cmd/server/main.go:273.79,275.6 1 0
github.com/veilence/veilence-mx/backend/cmd/server/main.go:275.11,277.6 1 0
github.com/veilence/veilence-mx/backend/cmd/server/main.go:282.2,282.27 1 0
github.com/veilence/veilence-mx/backend/cmd/server/main.go:282.27,284.3 1 0
github.com/veilence/veilence-mx/backend/cmd/server/main.go:287.42,288.34 1 0
github.com/veilence/veilence-mx/backend/cmd/server/main.go:288.34,290.3 1 0
github.com/veilence/veilence-mx/backend/cmd/server/main.go:291.2,291.17 1 0
github.com/veilence/veilence-mx/backend/cmd/server/main.go:294.68,296.16 2 0
github.com/veilence/veilence-mx/backend/cmd/server/main.go:296.16,298.3 1 0
github.com/veilence/veilence-mx/backend/cmd/server/main.go:299.2,299.10 1 0
github.com/veilence/veilence-mx/backend/cmd/server/main.go:302.43,304.16 2 0
github.com/veilence/veilence-mx/backend/cmd/server/main.go:304.16,306.3 1 0
github.com/veilence/veilence-mx/backend/cmd/server/main.go:307.2,307.10 1 0
github.com/veilence/veilence-mx/backend/internal/api/router.go:16.123,46.37 15 0
github.com/veilence/veilence-mx/backend/internal/api/router.go:46.37,53.39 4 0
github.com/veilence/veilence-mx/backend/internal/api/router.go:53.39,61.4 7 0
github.com/veilence/veilence-mx/backend/internal/api/router.go:65.3,68.30 2 0
github.com/veilence/veilence-mx/backend/internal/api/router.go:68.30,75.49 5 0
github.com/veilence/veilence-mx/backend/internal/api/router.go:75.49,79.5 3 0
github.com/veilence/veilence-mx/backend/internal/api/router.go:82.4,82.49 1 0
github.com/veilence/veilence-mx/backend/internal/api/router.go:82.49,85.5 2 0
github.com/veilence/veilence-mx/backend/internal/api/router.go:88.4,97.31 6 0
github.com/veilence/veilence-mx/backend/internal/api/router.go:97.31,106.45 5 0
github.com/veilence/veilence-mx/backend/internal/api/router.go:106.45,109.42 3 0
github.com/veilence/veilence-mx/backend/internal/api/router.go:109.42,113.7 3 0
github.com/veilence/veilence-mx/backend/internal/api/router.go:117.5,117.45 1 0
github.com/veilence/veilence-mx/backend/internal/api/router.go:117.45,119.6 1 0
github.com/veilence/veilence-mx/backend/internal/api/router.go:122.5,122.43 1 0
github.com/veilence/veilence-mx/backend/internal/api/router.go:122.43,125.6 2 0
github.com/veilence/veilence-mx/backend/internal/api/router.go:128.5,132.32 3 0
github.com/veilence/veilence-mx/backend/internal/api/router.go:132.32,136.6 3 0
github.com/veilence/veilence-mx/backend/internal/api/router.go:139.5,141.55 3 0
github.com/veilence/veilence-mx/backend/internal/api/router.go:145.4,145.40 1 0
github.com/veilence/veilence-mx/backend/internal/api/router.go:145.40,153.44 4 0
github.com/veilence/veilence-mx/backend/internal/api/router.go:153.44,175.59 13 0
github.com/veilence/veilence-mx/backend/internal/api/router.go:175.59,180.7 4 0
github.com/veilence/veilence-mx/backend/internal/api/router.go:183.6,183.56 1 0
github.com/veilence/veilence-mx/backend/internal/api/router.go:183.56,187.7 3 0
github.com/veilence/veilence-mx/backend/internal/api/router.go:193.2,193.10 1 0
github.com/veilence/veilence-mx/backend/internal/apperror/apperror.go:24.32,25.20 1 0
github.com/veilence/veilence-mx/backend/internal/apperror/apperror.go:25.20,27.3 1 0
github.com/veilence/veilence-mx/backend/internal/apperror/apperror.go:28.2,28.18 1 0
github.com/veilence/veilence-mx/backend/internal/apperror/apperror.go:32.32,34.2 1 0
github.com/veilence/veilence-mx/backend/internal/apperror/apperror.go:37.45,44.2 1 0
github.com/veilence/veilence-mx/backend/internal/apperror/apperror.go:49.39,55.2 1 0
github.com/veilence/veilence-mx/backend/internal/apperror/apperror.go:58.38,64.2 1 0
github.com/veilence/veilence-mx/backend/internal/apperror/apperror.go:67.35,73.2 1 0
github.com/veilence/veilence-mx/backend/internal/apperror/apperror.go:76.36,82.2 1 0
github.com/veilence/veilence-mx/backend/internal/apperror/apperror.go:85.34,91.2 1 0
github.com/veilence/veilence-mx/backend/internal/apperror/apperror.go:94.34,100.2 1 0
github.com/veilence/veilence-mx/backend/internal/apperror/apperror.go:103.36,109.2 1 0
github.com/veilence/veilence-mx/backend/internal/api/validation/validation.go:28.40,30.17 2 11
github.com/veilence/veilence-mx/backend/internal/api/validation/validation.go:30.17,32.3 1 2
github.com/veilence/veilence-mx/backend/internal/api/validation/validation.go:33.2,33.36 1 9
github.com/veilence/veilence-mx/backend/internal/api/validation/validation.go:33.36,35.3 1 5
github.com/veilence/veilence-mx/backend/internal/api/validation/validation.go:36.2,36.12 1 4
github.com/veilence/veilence-mx/backend/internal/api/validation/validation.go:47.46,48.20 1 12
github.com/veilence/veilence-mx/backend/internal/api/validation/validation.go:48.20,50.3 1 1
github.com/veilence/veilence-mx/backend/internal/api/validation/validation.go:51.2,51.23 1 11
github.com/veilence/veilence-mx/backend/internal/api/validation/validation.go:51.23,53.3 1 1
github.com/veilence/veilence-mx/backend/internal/api/validation/validation.go:54.2,54.39 1 10
github.com/veilence/veilence-mx/backend/internal/api/validation/validation.go:54.39,56.3 1 1
github.com/veilence/veilence-mx/backend/internal/api/validation/validation.go:58.2,59.30 2 9
github.com/veilence/veilence-mx/backend/internal/api/validation/validation.go:59.30,60.10 1 159
github.com/veilence/veilence-mx/backend/internal/api/validation/validation.go:61.28,62.19 1 22
github.com/veilence/veilence-mx/backend/internal/api/validation/validation.go:63.28,64.19 1 125
github.com/veilence/veilence-mx/backend/internal/api/validation/validation.go:65.28,66.19 1 8
github.com/veilence/veilence-mx/backend/internal/api/validation/validation.go:70.2,70.15 1 9
github.com/veilence/veilence-mx/backend/internal/api/validation/validation.go:70.15,72.3 1 1
github.com/veilence/veilence-mx/backend/internal/api/validation/validation.go:73.2,73.15 1 8
github.com/veilence/veilence-mx/backend/internal/api/validation/validation.go:73.15,75.3 1 1
github.com/veilence/veilence-mx/backend/internal/api/validation/validation.go:76.2,76.15 1 7
github.com/veilence/veilence-mx/backend/internal/api/validation/validation.go:76.15,78.3 1 1
github.com/veilence/veilence-mx/backend/internal/api/validation/validation.go:80.2,80.12 1 6
github.com/veilence/veilence-mx/backend/internal/api/validation/validation.go:86.38,87.16 1 13
github.com/veilence/veilence-mx/backend/internal/api/validation/validation.go:87.16,89.3 1 1
github.com/veilence/veilence-mx/backend/internal/api/validation/validation.go:90.2,90.19 1 12
github.com/veilence/veilence-mx/backend/internal/api/validation/validation.go:90.19,92.3 1 1
github.com/veilence/veilence-mx/backend/internal/api/validation/validation.go:93.2,93.21 1 11
github.com/veilence/veilence-mx/backend/internal/api/validation/validation.go:93.21,95.3 1 1
github.com/veilence/veilence-mx/backend/internal/api/validation/validation.go:96.2,96.34 1 10
github.com/veilence/veilence-mx/backend/internal/api/validation/validation.go:96.34,98.3 1 5
github.com/veilence/veilence-mx/backend/internal/api/validation/validation.go:99.2,99.12 1 5
github.com/veilence/veilence-mx/backend/internal/api/validation/validation.go:105.49,106.36 1 3
github.com/veilence/veilence-mx/backend/internal/api/validation/validation.go:106.36,108.3 1 2
github.com/veilence/veilence-mx/backend/internal/api/validation/validation.go:109.2,109.12 1 1
github.com/veilence/veilence-mx/backend/internal/api/validation/validation.go:114.59,115.22 1 4
github.com/veilence/veilence-mx/backend/internal/api/validation/validation.go:115.22,117.3 1 1
github.com/veilence/veilence-mx/backend/internal/api/validation/validation.go:118.2,118.12 1 3
github.com/veilence/veilence-mx/backend/internal/api/validation/validation.go:123.64,124.28 1 0
github.com/veilence/veilence-mx/backend/internal/api/validation/validation.go:124.28,125.17 1 0
github.com/veilence/veilence-mx/backend/internal/api/validation/validation.go:125.17,127.4 1 0
github.com/veilence/veilence-mx/backend/internal/api/validation/validation.go:129.2,129.79 1 0
github.com/veilence/veilence-mx/backend/internal/api/validation/validation.go:134.58,135.16 1 0
github.com/veilence/veilence-mx/backend/internal/api/validation/validation.go:135.16,137.3 1 0
github.com/veilence/veilence-mx/backend/internal/api/validation/validation.go:138.2,138.12 1 0
github.com/veilence/veilence-mx/backend/internal/api/middleware/bodysize.go:13.68,14.46 1 1
github.com/veilence/veilence-mx/backend/internal/api/middleware/bodysize.go:14.46,15.72 1 1
github.com/veilence/veilence-mx/backend/internal/api/middleware/bodysize.go:15.72,16.21 1 1
github.com/veilence/veilence-mx/backend/internal/api/middleware/bodysize.go:16.21,18.5 1 1
github.com/veilence/veilence-mx/backend/internal/api/middleware/bodysize.go:19.4,19.24 1 1
github.com/veilence/veilence-mx/backend/internal/api/middleware/cors.go:10.63,19.2 1 0
github.com/veilence/veilence-mx/backend/internal/api/middleware/csrf.go:42.42,44.40 2 11
github.com/veilence/veilence-mx/backend/internal/api/middleware/csrf.go:44.40,46.3 1 0
github.com/veilence/veilence-mx/backend/internal/api/middleware/csrf.go:47.2,47.50 1 11
github.com/veilence/veilence-mx/backend/internal/api/middleware/csrf.go:58.62,59.46 1 11
github.com/veilence/veilence-mx/backend/internal/api/middleware/csrf.go:59.46,60.72 1 11
github.com/veilence/veilence-mx/backend/internal/api/middleware/csrf.go:60.72,62.30 1 20
github.com/veilence/veilence-mx/backend/internal/api/middleware/csrf.go:62.30,66.5 3 6
github.com/veilence/veilence-mx/backend/internal/api/middleware/csrf.go:69.4,69.72 1 14
github.com/veilence/veilence-mx/backend/internal/api/middleware/csrf.go:69.72,72.5 2 0
github.com/veilence/veilence-mx/backend/internal/api/middleware/csrf.go:75.4,76.40 2 14
github.com/veilence/veilence-mx/backend/internal/api/middleware/csrf.go:76.40,79.5 2 6
github.com/veilence/veilence-mx/backend/internal/api/middleware/csrf.go:81.4,82.25 2 8
github.com/veilence/veilence-mx/backend/internal/api/middleware/csrf.go:82.25,85.5 2 1
github.com/veilence/veilence-mx/backend/internal/api/middleware/csrf.go:88.4,88.82 1 7
github.com/veilence/veilence-mx/backend/internal/api/middleware/csrf.go:88.82,91.5 2 1
github.com/veilence/veilence-mx/backend/internal/api/middleware/csrf.go:94.4,96.24 2 6
github.com/veilence/veilence-mx/backend/internal/api/middleware/csrf.go:102.39,103.33 1 20
github.com/veilence/veilence-mx/backend/internal/api/middleware/csrf.go:104.77,105.14 1 6
github.com/veilence/veilence-mx/backend/internal/api/middleware/csrf.go:106.10,107.15 1 14
github.com/veilence/veilence-mx/backend/internal/api/middleware/csrf.go:112.82,113.52 1 6
github.com/veilence/veilence-mx/backend/internal/api/middleware/csrf.go:113.52,115.3 1 1
github.com/veilence/veilence-mx/backend/internal/api/middleware/csrf.go:116.2,116.26 1 5
github.com/veilence/veilence-mx/backend/internal/api/middleware/csrf.go:120.65,122.2 1 6
github.com/veilence/veilence-mx/backend/internal/api/middleware/csrf.go:125.62,127.16 2 11
github.com/veilence/veilence-mx/backend/internal/api/middleware/csrf.go:127.16,130.3 2 0
github.com/veilence/veilence-mx/backend/internal/api/middleware/csrf.go:132.2,142.4 1 11
github.com/veilence/veilence-mx/backend/internal/api/middleware/csrf.go:146.58,150.2 3 8
github.com/veilence/veilence-mx/backend/internal/api/middleware/logging.go:10.45,11.71 1 0
github.com/veilence/veilence-mx/backend/internal/api/middleware/logging.go:11.71,22.3 4 0
github.com/veilence/veilence-mx/backend/internal/api/middleware/logging.go:30.49,33.2 2 0
github.com/veilence/veilence-mx/backend/internal/api/middleware/metrics.go:19.51,22.2 2 0
github.com/veilence/veilence-mx/backend/internal/api/middleware/metrics.go:25.46,26.71 1 0
github.com/veilence/veilence-mx/backend/internal/api/middleware/metrics.go:26.71,37.25 6 0
github.com/veilence/veilence-mx/backend/internal/api/middleware/metrics.go:37.25,39.4 1 0
github.com/veilence/veilence-mx/backend/internal/api/middleware/metrics.go:41.3,44.88 3 0
github.com/veilence/veilence-mx/backend/internal/api/middleware/ratelimit.go:38.57,49.2 3 16
github.com/veilence/veilence-mx/backend/internal/api/middleware/ratelimit.go:52.34,56.21 3 16
github.com/veilence/veilence-mx/backend/internal/api/middleware/ratelimit.go:56.21,57.46 1 0
github.com/veilence/veilence-mx/backend/internal/api/middleware/ratelimit.go:57.46,62.29 5 0
github.com/veilence/veilence-mx/backend/internal/api/middleware/ratelimit.go:62.29,64.5 1 0
github.com/veilence/veilence-mx/backend/internal/api/middleware/ratelimit.go:65.4,65.15 1 0
github.com/veilence/veilence-mx/backend/internal/api/middleware/ratelimit.go:76.116,92.28 9 37
github.com/veilence/veilence-mx/backend/internal/api/middleware/ratelimit.go:92.28,94.3 1 12
github.com/veilence/veilence-mx/backend/internal/api/middleware/ratelimit.go:97.2,101.21 4 37
github.com/veilence/veilence-mx/backend/internal/api/middleware/ratelimit.go:101.21,104.3 2 32
github.com/veilence/veilence-mx/backend/internal/api/middleware/ratelimit.go:107.2,110.38 3 5
github.com/veilence/veilence-mx/backend/internal/api/middleware/ratelimit.go:124.62,125.71 1 11
github.com/veilence/veilence-mx/backend/internal/api/middleware/ratelimit.go:125.71,134.15 6 37
github.com/veilence/veilence-mx/backend/internal/api/middleware/ratelimit.go:134.15,142.4 7 5
github.com/veilence/veilence-mx/backend/internal/api/middleware/ratelimit.go:144.3,144.23 1 32
github.com/veilence/veilence-mx/backend/internal/api/middleware/ratelimit.go:150.48,151.64 1 37
github.com/veilence/veilence-mx/backend/internal/api/middleware/ratelimit.go:151.64,153.3 1 0
github.com/veilence/veilence-mx/backend/internal/api/middleware/ratelimit.go:154.2,154.29 1 37
github.com/veilence/veilence-mx/backend/internal/api/middleware/ratelimit.go:160.40,163.50 2 37
github.com/veilence/veilence-mx/backend/internal/api/middleware/ratelimit.go:163.50,165.32 1 37
github.com/veilence/veilence-mx/backend/internal/api/middleware/ratelimit.go:165.32,167.66 1 0
github.com/veilence/veilence-mx/backend/internal/api/middleware/ratelimit.go:167.66,169.5 1 0
github.com/veilence/veilence-mx/backend/internal/api/middleware/ratelimit.go:170.9,172.4 1 37
github.com/veilence/veilence-mx/backend/internal/api/middleware/ratelimit.go:174.2,174.11 1 37
github.com/veilence/veilence-mx/backend/internal/api/middleware/ratelimit.go:203.77,204.19 1 3
github.com/veilence/veilence-mx/backend/internal/api/middleware/ratelimit.go:204.19,206.3 1 1
github.com/veilence/veilence-mx/backend/internal/api/middleware/ratelimit.go:207.2,210.36 2 3
github.com/veilence/veilence-mx/backend/internal/api/middleware/ratelimit.go:210.36,212.3 1 9
github.com/veilence/veilence-mx/backend/internal/api/middleware/ratelimit.go:213.2,213.14 1 3
github.com/veilence/veilence-mx/backend/internal/api/middleware/ratelimit.go:218.99,220.9 2 4
github.com/veilence/veilence-mx/backend/internal/api/middleware/ratelimit.go:220.9,222.3 1 0
github.com/veilence/veilence-mx/backend/internal/api/middleware/ratelimit.go:223.2,223.17 1 4
github.com/veilence/veilence-mx/backend/internal/api/middleware/sanitize.go:46.47,47.71 1 12
github.com/veilence/veilence-mx/backend/internal/api/middleware/sanitize.go:47.71,49.42 1 23
github.com/veilence/veilence-mx/backend/internal/api/middleware/sanitize.go:49.42,50.29 1 14
github.com/veilence/veilence-mx/backend/internal/api/middleware/sanitize.go:50.29,51.33 1 14
github.com/veilence/veilence-mx/backend/internal/api/middleware/sanitize.go:51.33,54.6 2 5
github.com/veilence/veilence-mx/backend/internal/api/middleware/sanitize.go:55.5,55.43 1 9
github.com/veilence/veilence-mx/backend/internal/api/middleware/sanitize.go:55.43,62.6 3 5
github.com/veilence/veilence-mx/backend/internal/api/middleware/sanitize.go:67.3,67.80 1 13
github.com/veilence/veilence-mx/backend/internal/api/middleware/sanitize.go:67.80,70.4 2 1
github.com/veilence/veilence-mx/backend/internal/api/middleware/sanitize.go:73.3,73.64 1 12
github.com/veilence/veilence-mx/backend/internal/api/middleware/sanitize.go:73.64,76.18 3 5
github.com/veilence/veilence-mx/backend/internal/api/middleware/sanitize.go:76.18,79.5 2 0
github.com/veilence/veilence-mx/backend/internal/api/middleware/sanitize.go:82.4,83.38 2 5
github.com/veilence/veilence-mx/backend/internal/api/middleware/sanitize.go:83.38,86.5 2 1
github.com/veilence/veilence-mx/backend/internal/api/middleware/sanitize.go:89.4,89.48 1 4
github.com/veilence/veilence-mx/backend/internal/api/middleware/sanitize.go:89.48,96.5 3 1
github.com/veilence/veilence-mx/backend/internal/api/middleware/sanitize.go:99.4,100.18 2 3
github.com/veilence/veilence-mx/backend/internal/api/middleware/sanitize.go:100.18,105.5 3 0
github.com/veilence/veilence-mx/backend/internal/api/middleware/sanitize.go:107.4,108.43 2 3
github.com/veilence/veilence-mx/backend/internal/api/middleware/sanitize.go:111.3,111.23 1 10
github.com/veilence/veilence-mx/backend/internal/api/middleware/sanitize.go:116.43,118.48 2 44
github.com/veilence/veilence-mx/backend/internal/api/middleware/sanitize.go:118.48,119.39 1 318
github.com/veilence/veilence-mx/backend/internal/api/middleware/sanitize.go:119.39,121.4 1 7
github.com/veilence/veilence-mx/backend/internal/api/middleware/sanitize.go:123.2,123.14 1 37
github.com/veilence/veilence-mx/backend/internal/api/middleware/sanitize.go:127.42,130.2 2 6
github.com/veilence/veilence-mx/backend/internal/api/middleware/sanitize.go:133.48,135.54 2 3
github.com/veilence/veilence-mx/backend/internal/api/middleware/sanitize.go:135.54,137.3 1 0
github.com/veilence/veilence-mx/backend/internal/api/middleware/sanitize.go:139.2,140.32 2 3
github.com/veilence/veilence-mx/backend/internal/api/middleware/sanitize.go:144.31,145.25 1 11
github.com/veilence/veilence-mx/backend/internal/api/middleware/sanitize.go:146.14,147.32 1 6
github.com/veilence/veilence-mx/backend/internal/api/middleware/sanitize.go:148.22,150.25 2 4
github.com/veilence/veilence-mx/backend/internal/api/middleware/sanitize.go:150.25,152.4 1 6
github.com/veilence/veilence-mx/backend/internal/api/middleware/sanitize.go:153.3,153.16 1 4
github.com/veilence/veilence-mx/backend/internal/api/middleware/sanitize.go:154.13,156.25 2 1
github.com/veilence/veilence-mx/backend/internal/api/middleware/sanitize.go:156.25,158.4 1 2
github.com/veilence/veilence-mx/backend/internal/api/middleware/sanitize.go:159.3,159.16 1 1
github.com/veilence/veilence-mx/backend/internal/api/middleware/sanitize.go:160.10,161.13 1 0
github.com/veilence/veilence-mx/backend/internal/api/middleware/sanitize.go:166.62,170.2 3 13
github.com/veilence/veilence-mx/backend/internal/api/middleware/security.go:19.54,21.2 1 2
github.com/veilence/veilence-mx/backend/internal/api/middleware/security.go:26.94,29.30 2 7
github.com/veilence/veilence-mx/backend/internal/api/middleware/security.go:29.30,32.3 1 2
github.com/veilence/veilence-mx/backend/internal/api/middleware/security.go:34.2,34.46 1 7
github.com/veilence/veilence-mx/backend/internal/api/middleware/security.go:34.46,35.72 1 7
github.com/veilence/veilence-mx/backend/internal/api/middleware/security.go:35.72,45.4 8 7
github.com/veilence/veilence-mx/backend/internal/api/handlers/alerts.go:24.76,42.20 7 8
github.com/veilence/veilence-mx/backend/internal/api/handlers/alerts.go:42.20,44.3 1 1
github.com/veilence/veilence-mx/backend/internal/api/handlers/alerts.go:45.2,45.18 1 8
github.com/veilence/veilence-mx/backend/internal/api/handlers/alerts.go:45.18,47.3 1 2
github.com/veilence/veilence-mx/backend/internal/api/handlers/alerts.go:49.2,60.27 6 8
github.com/veilence/veilence-mx/backend/internal/api/handlers/alerts.go:60.27,66.3 1 7
github.com/veilence/veilence-mx/backend/internal/api/handlers/alerts.go:68.2,68.86 1 8
github.com/veilence/veilence-mx/backend/internal/api/handlers/alerts.go:77.77,81.16 3 8
github.com/veilence/veilence-mx/backend/internal/api/handlers/alerts.go:81.16,84.3 2 1
github.com/veilence/veilence-mx/backend/internal/api/handlers/alerts.go:86.2,87.61 2 7
github.com/veilence/veilence-mx/backend/internal/api/handlers/alerts.go:87.61,90.3 2 1
github.com/veilence/veilence-mx/backend/internal/api/handlers/alerts.go:92.2,97.32 2 6
github.com/veilence/veilence-mx/backend/internal/api/handlers/alerts.go:97.32,100.3 2 1
github.com/veilence/veilence-mx/backend/internal/api/handlers/alerts.go:102.2,103.91 2 5
github.com/veilence/veilence-mx/backend/internal/api/handlers/alerts.go:103.91,106.3 2 2
github.com/veilence/veilence-mx/backend/internal/api/handlers/alerts.go:108.2,112.43 3 3
github.com/veilence/veilence-mx/backend/internal/api/handlers/analyses.go:13.87,17.16 3 2
github.com/veilence/veilence-mx/backend/internal/api/handlers/analyses.go:17.16,21.3 3 0
github.com/veilence/veilence-mx/backend/internal/api/handlers/analyses.go:23.2,23.43 1 2
github.com/veilence/veilence-mx/backend/internal/api/handlers/analyses.go:37.87,58.22 9 1
github.com/veilence/veilence-mx/backend/internal/api/handlers/analyses.go:58.22,60.3 1 0
github.com/veilence/veilence-mx/backend/internal/api/handlers/analyses.go:61.2,61.26 1 1
github.com/veilence/veilence-mx/backend/internal/api/handlers/analyses.go:61.26,63.3 1 0
github.com/veilence/veilence-mx/backend/internal/api/handlers/analyses.go:64.2,64.24 1 1
github.com/veilence/veilence-mx/backend/internal/api/handlers/analyses.go:64.24,66.3 1 0
github.com/veilence/veilence-mx/backend/internal/api/handlers/analyses.go:67.2,67.18 1 1
github.com/veilence/veilence-mx/backend/internal/api/handlers/analyses.go:67.18,69.3 1 0
github.com/veilence/veilence-mx/backend/internal/api/handlers/analyses.go:71.2,82.31 6 1
github.com/veilence/veilence-mx/backend/internal/api/handlers/analyses.go:82.31,91.91 3 2
github.com/veilence/veilence-mx/backend/internal/api/handlers/analyses.go:91.91,93.94 2 0
github.com/veilence/veilence-mx/backend/internal/api/handlers/analyses.go:93.94,95.5 1 0
github.com/veilence/veilence-mx/backend/internal/api/handlers/analyses.go:96.9,96.57 1 2
github.com/veilence/veilence-mx/backend/internal/api/handlers/analyses.go:96.57,99.4 1 1
github.com/veilence/veilence-mx/backend/internal/api/handlers/analyses.go:102.3,103.78 2 2
github.com/veilence/veilence-mx/backend/internal/api/handlers/analyses.go:103.78,104.12 1 0
github.com/veilence/veilence-mx/backend/internal/api/handlers/analyses.go:107.3,107.30 1 2
github.com/veilence/veilence-mx/backend/internal/api/handlers/analyses.go:110.2,110.86 1 1
github.com/veilence/veilence-mx/backend/internal/api/handlers/analyses.go:116.82,119.20 2 3
github.com/veilence/veilence-mx/backend/internal/api/handlers/analyses.go:119.20,122.3 2 3
github.com/veilence/veilence-mx/backend/internal/api/handlers/analyses.go:125.2,126.16 2 0
github.com/veilence/veilence-mx/backend/internal/api/handlers/analyses.go:126.16,130.3 3 0
github.com/veilence/veilence-mx/backend/internal/api/handlers/analyses.go:132.2,133.29 2 0
github.com/veilence/veilence-mx/backend/internal/api/handlers/analyses.go:133.29,134.83 1 0
github.com/veilence/veilence-mx/backend/internal/api/handlers/analyses.go:134.83,138.4 3 0
github.com/veilence/veilence-mx/backend/internal/api/handlers/analyses.go:139.3,139.11 1 0
github.com/veilence/veilence-mx/backend/internal/api/handlers/analyses.go:142.2,145.9 1 0
github.com/veilence/veilence-mx/backend/internal/api/handlers/audit.go:14.79,16.16 2 0
github.com/veilence/veilence-mx/backend/internal/api/handlers/audit.go:16.16,19.3 2 0
github.com/veilence/veilence-mx/backend/internal/api/handlers/audit.go:21.2,28.64 3 0
github.com/veilence/veilence-mx/backend/internal/api/handlers/audit.go:28.64,30.17 2 0
github.com/veilence/veilence-mx/backend/internal/api/handlers/audit.go:30.17,32.4 1 0
github.com/veilence/veilence-mx/backend/internal/api/handlers/audit.go:35.2,35.62 1 0
github.com/veilence/veilence-mx/backend/internal/api/handlers/audit.go:35.62,36.62 1 0
github.com/veilence/veilence-mx/backend/internal/api/handlers/audit.go:36.62,38.4 1 0
github.com/veilence/veilence-mx/backend/internal/api/handlers/audit.go:41.2,41.56 1 0
github.com/veilence/veilence-mx/backend/internal/api/handlers/audit.go:41.56,42.60 1 0
github.com/veilence/veilence-mx/backend/internal/api/handlers/audit.go:42.60,44.4 1 0
github.com/veilence/veilence-mx/backend/internal/api/handlers/audit.go:47.2,48.16 2 0
github.com/veilence/veilence-mx/backend/internal/api/handlers/audit.go:48.16,51.3 2 0
github.com/veilence/veilence-mx/backend/internal/api/handlers/audit.go:53.2,53.84 1 0
github.com/veilence/veilence-mx/backend/internal/api/handlers/auth.go:52.73,54.61 2 0
github.com/veilence/veilence-mx/backend/internal/api/handlers/auth.go:54.61,57.3 2 0
github.com/veilence/veilence-mx/backend/internal/api/handlers/auth.go:60.2,64.60 4 0
github.com/veilence/veilence-mx/backend/internal/api/handlers/auth.go:64.60,67.3 2 0
github.com/veilence/veilence-mx/backend/internal/api/handlers/auth.go:69.2,69.66 1 0
github.com/veilence/veilence-mx/backend/internal/api/handlers/auth.go:69.66,72.3 2 0
github.com/veilence/veilence-mx/backend/internal/api/handlers/auth.go:74.2,75.16 2 0
github.com/veilence/veilence-mx/backend/internal/api/handlers/auth.go:75.16,76.53 1 0
github.com/veilence/veilence-mx/backend/internal/api/handlers/auth.go:76.53,79.4 2 0
github.com/veilence/veilence-mx/backend/internal/api/handlers/auth.go:80.3,81.9 2 0
github.com/veilence/veilence-mx/backend/internal/api/handlers/auth.go:85.2,86.16 2 0
github.com/veilence/veilence-mx/backend/internal/api/handlers/auth.go:86.16,89.3 2 0
github.com/veilence/veilence-mx/backend/internal/api/handlers/auth.go:91.2,97.9 2 0
github.com/veilence/veilence-mx/backend/internal/api/handlers/auth.go:101.70,103.61 2 0
github.com/veilence/veilence-mx/backend/internal/api/handlers/auth.go:103.61,106.3 2 0
github.com/veilence/veilence-mx/backend/internal/api/handlers/auth.go:108.2,110.43 2 0
github.com/veilence/veilence-mx/backend/internal/api/handlers/auth.go:110.43,113.3 2 0
github.com/veilence/veilence-mx/backend/internal/api/handlers/auth.go:115.2,116.16 2 0
github.com/veilence/veilence-mx/backend/internal/api/handlers/auth.go:116.16,121.3 3 0
github.com/veilence/veilence-mx/backend/internal/api/handlers/auth.go:124.2,130.9 2 0
github.com/veilence/veilence-mx/backend/internal/api/handlers/auth.go:134.77,136.61 2 0
github.com/veilence/veilence-mx/backend/internal/api/handlers/auth.go:136.61,139.3 2 0
github.com/veilence/veilence-mx/backend/internal/api/handlers/auth.go:141.2,141.28 1 0
github.com/veilence/veilence-mx/backend/internal/api/handlers/auth.go:141.28,144.3 2 0
github.com/veilence/veilence-mx/backend/internal/api/handlers/auth.go:146.2,147.16 2 0
github.com/veilence/veilence-mx/backend/internal/api/handlers/auth.go:147.16,150.3 2 0
github.com/veilence/veilence-mx/backend/internal/api/handlers/auth.go:152.2,152.44 1 0
github.com/veilence/veilence-mx/backend/internal/api/handlers/auth.go:156.71,158.61 2 0
github.com/veilence/veilence-mx/backend/internal/api/handlers/auth.go:158.61,161.3 2 0
github.com/veilence/veilence-mx/backend/internal/api/handlers/auth.go:163.2,163.28 1 0
github.com/veilence/veilence-mx/backend/internal/api/handlers/auth.go:163.28,166.3 2 0
github.com/veilence/veilence-mx/backend/internal/api/handlers/auth.go:168.2,168.56 1 0
github.com/veilence/veilence-mx/backend/internal/api/handlers/auth.go:168.56,171.3 2 0
github.com/veilence/veilence-mx/backend/internal/api/handlers/auth.go:174.2,177.93 3 0
github.com/veilence/veilence-mx/backend/internal/api/handlers/auth.go:181.70,183.17 2 0
github.com/veilence/veilence-mx/backend/internal/api/handlers/auth.go:183.17,186.3 2 0
github.com/veilence/veilence-mx/backend/internal/api/handlers/auth.go:188.2,189.16 2 0
github.com/veilence/veilence-mx/backend/internal/api/handlers/auth.go:189.16,192.3 2 0
github.com/veilence/veilence-mx/backend/internal/api/handlers/auth.go:194.2,194.42 1 0
github.com/veilence/veilence-mx/backend/internal/api/handlers/auth.go:198.77,200.17 2 0
github.com/veilence/veilence-mx/backend/internal/api/handlers/auth.go:200.17,203.3 2 0
github.com/veilence/veilence-mx/backend/internal/api/handlers/auth.go:205.2,206.61 2 0
github.com/veilence/veilence-mx/backend/internal/api/handlers/auth.go:206.61,209.3 2 0
github.com/veilence/veilence-mx/backend/internal/api/handlers/auth.go:211.2,212.20 2 0
github.com/veilence/veilence-mx/backend/internal/api/handlers/auth.go:212.20,215.3 2 0
github.com/veilence/veilence-mx/backend/internal/api/handlers/auth.go:216.2,216.25 1 0
github.com/veilence/veilence-mx/backend/internal/api/handlers/auth.go:216.25,219.3 2 0
github.com/veilence/veilence-mx/backend/internal/api/handlers/auth.go:222.2,223.17 2 0
github.com/veilence/veilence-mx/backend/internal/api/handlers/auth.go:223.17,225.3 1 0
github.com/veilence/veilence-mx/backend/internal/api/handlers/auth.go:226.2,226.47 1 0
github.com/veilence/veilence-mx/backend/internal/api/handlers/auth.go:226.47,229.3 2 0
github.com/veilence/veilence-mx/backend/internal/api/handlers/auth.go:231.2,232.25 2 0
github.com/veilence/veilence-mx/backend/internal/api/handlers/auth.go:232.25,234.17 2 0
github.com/veilence/veilence-mx/backend/internal/api/handlers/auth.go:234.17,237.4 2 0
github.com/veilence/veilence-mx/backend/internal/api/handlers/auth.go:238.3,238.27 1 0
github.com/veilence/veilence-mx/backend/internal/api/handlers/auth.go:238.27,241.4 2 0
github.com/veilence/veilence-mx/backend/internal/api/handlers/auth.go:242.3,242.17 1 0
github.com/veilence/veilence-mx/backend/internal/api/handlers/auth.go:245.2,246.16 2 0
github.com/veilence/veilence-mx/backend/internal/api/handlers/auth.go:246.16,249.3 2 0
github.com/veilence/veilence-mx/backend/internal/api/handlers/auth.go:251.2,256.9 2 0
github.com/veilence/veilence-mx/backend/internal/api/handlers/auth.go:260.76,262.17 2 0
github.com/veilence/veilence-mx/backend/internal/api/handlers/auth.go:262.17,265.3 2 0
github.com/veilence/veilence-mx/backend/internal/api/handlers/auth.go:267.2,268.16 2 0
github.com/veilence/veilence-mx/backend/internal/api/handlers/auth.go:268.16,271.3 2 0
github.com/veilence/veilence-mx/backend/internal/api/handlers/auth.go:273.2,273.42 1 0
github.com/veilence/veilence-mx/backend/internal/api/handlers/auth.go:277.77,279.17 2 0
github.com/veilence/veilence-mx/backend/internal/api/handlers/auth.go:279.17,282.3 2 0
github.com/veilence/veilence-mx/backend/internal/api/handlers/auth.go:284.2,285.16 2 0
github.com/veilence/veilence-mx/backend/internal/api/handlers/auth.go:285.16,288.3 2 0
github.com/veilence/veilence-mx/backend/internal/api/handlers/auth.go:290.2,290.62 1 0
github.com/veilence/veilence-mx/backend/internal/api/handlers/auth.go:290.62,291.45 1 0
github.com/veilence/veilence-mx/backend/internal/api/handlers/auth.go:291.45,294.4 2 0
github.com/veilence/veilence-mx/backend/internal/api/handlers/auth.go:295.3,296.9 2 0
github.com/veilence/veilence-mx/backend/internal/api/handlers/auth.go:299.2,301.85 2 0
github.com/veilence/veilence-mx/backend/internal/api/handlers/auth.go:311.79,313.61 2 0
github.com/veilence/veilence-mx/backend/internal/api/handlers/auth.go:313.61,316.3 2 0
github.com/veilence/veilence-mx/backend/internal/api/handlers/auth.go:318.2,319.21 2 0
github.com/veilence/veilence-mx/backend/internal/api/handlers/auth.go:319.21,322.3 2 0
github.com/veilence/veilence-mx/backend/internal/api/handlers/auth.go:326.2,327.16 2 0
github.com/veilence/veilence-mx/backend/internal/api/handlers/auth.go:327.16,333.3 2 0
github.com/veilence/veilence-mx/backend/internal/api/handlers/auth.go:336.2,338.9 1 0
github.com/veilence/veilence-mx/backend/internal/api/handlers/auth.go:348.78,350.61 2 0
github.com/veilence/veilence-mx/backend/internal/api/handlers/auth.go:350.61,353.3 2 0
github.com/veilence/veilence-mx/backend/internal/api/handlers/auth.go:355.2,355.21 1 0
github.com/veilence/veilence-mx/backend/internal/api/handlers/auth.go:355.21,358.3 2 0
github.com/veilence/veilence-mx/backend/internal/api/handlers/auth.go:360.2,360.69 1 0
github.com/veilence/veilence-mx/backend/internal/api/handlers/auth.go:360.69,363.3 2 0
github.com/veilence/veilence-mx/backend/internal/api/handlers/auth.go:365.2,365.73 1 0
github.com/veilence/veilence-mx/backend/internal/api/handlers/auth.go:365.73,366.90 1 0
github.com/veilence/veilence-mx/backend/internal/api/handlers/auth.go:366.90,369.4 2 0
github.com/veilence/veilence-mx/backend/internal/api/handlers/auth.go:370.3,371.9 2 0
github.com/veilence/veilence-mx/backend/internal/api/handlers/auth.go:374.2,376.97 2 0
github.com/veilence/veilence-mx/backend/internal/api/handlers/auth.go:385.76,387.61 2 0
github.com/veilence/veilence-mx/backend/internal/api/handlers/auth.go:387.61,390.3 2 0
github.com/veilence/veilence-mx/backend/internal/api/handlers/auth.go:392.2,392.21 1 0
github.com/veilence/veilence-mx/backend/internal/api/handlers/auth.go:392.21,395.3 2 0
github.com/veilence/veilence-mx/backend/internal/api/handlers/auth.go:397.2,397.54 1 0
github.com/veilence/veilence-mx/backend/internal/api/handlers/auth.go:397.54,398.50 1 0
github.com/veilence/veilence-mx/backend/internal/api/handlers/auth.go:398.50,401.4 2 0
github.com/veilence/veilence-mx/backend/internal/api/handlers/auth.go:402.3,403.9 2 0
github.com/veilence/veilence-mx/backend/internal/api/handlers/auth.go:406.2,406.97 1 0
github.com/veilence/veilence-mx/backend/internal/api/handlers/auth.go:410.86,412.17 2 0
github.com/veilence/veilence-mx/backend/internal/api/handlers/auth.go:412.17,415.3 2 0
github.com/veilence/veilence-mx/backend/internal/api/handlers/auth.go:419.2,420.16 2 0
github.com/veilence/veilence-mx/backend/internal/api/handlers/auth.go:420.16,423.3 2 0
github.com/veilence/veilence-mx/backend/internal/api/handlers/auth.go:426.2,428.9 1 0
github.com/veilence/veilence-mx/backend/internal/api/handlers/charts.go:45.82,54.57 6 0
github.com/veilence/veilence-mx/backend/internal/api/handlers/charts.go:54.57,55.67 1 0
github.com/veilence/veilence-mx/backend/internal/api/handlers/charts.go:55.67,57.4 1 0
github.com/veilence/veilence-mx/backend/internal/api/handlers/charts.go:59.2,59.51 1 0
github.com/veilence/veilence-mx/backend/internal/api/handlers/charts.go:59.51,60.65 1 0
github.com/veilence/veilence-mx/backend/internal/api/handlers/charts.go:60.65,62.4 1 0
github.com/veilence/veilence-mx/backend/internal/api/handlers/charts.go:66.2,66.19 1 0
github.com/veilence/veilence-mx/backend/internal/api/handlers/charts.go:66.19,68.3 1 0
github.com/veilence/veilence-mx/backend/internal/api/handlers/charts.go:69.2,69.17 1 0
github.com/veilence/veilence-mx/backend/internal/api/handlers/charts.go:69.17,71.3 1 0
github.com/veilence/veilence-mx/backend/internal/api/handlers/charts.go:74.2,75.16 2 0
github.com/veilence/veilence-mx/backend/internal/api/handlers/charts.go:75.16,79.3 3 0
github.com/veilence/veilence-mx/backend/internal/api/handlers/charts.go:82.2,83.35 2 0
github.com/veilence/veilence-mx/backend/internal/api/handlers/charts.go:83.35,85.3 1 0
github.com/veilence/veilence-mx/backend/internal/api/handlers/charts.go:86.2,86.54 1 0
github.com/veilence/veilence-mx/backend/internal/api/handlers/charts.go:86.54,92.3 2 0
github.com/veilence/veilence-mx/backend/internal/api/handlers/charts.go:95.2,96.16 2 0
github.com/veilence/veilence-mx/backend/internal/api/handlers/charts.go:96.16,100.3 3 0
github.com/veilence/veilence-mx/backend/internal/api/handlers/charts.go:102.2,103.16 2 0
github.com/veilence/veilence-mx/backend/internal/api/handlers/charts.go:103.16,107.3 3 0
github.com/veilence/veilence-mx/backend/internal/api/handlers/charts.go:109.2,109.32 1 0
github.com/veilence/veilence-mx/backend/internal/api/handlers/charts.go:109.32,114.3 1 0
github.com/veilence/veilence-mx/backend/internal/api/handlers/charts.go:115.2,115.23 1 0
github.com/veilence/veilence-mx/backend/internal/api/handlers/charts.go:115.23,120.3 1 0
github.com/veilence/veilence-mx/backend/internal/api/handlers/charts.go:121.2,121.36 1 0
github.com/veilence/veilence-mx/backend/internal/api/handlers/charts.go:121.36,123.3 1 0
github.com/veilence/veilence-mx/backend/internal/api/handlers/charts.go:126.2,127.16 2 0
github.com/veilence/veilence-mx/backend/internal/api/handlers/charts.go:127.16,131.3 3 0
github.com/veilence/veilence-mx/backend/internal/api/handlers/charts.go:133.2,133.30 1 0
github.com/veilence/veilence-mx/backend/internal/api/handlers/charts.go:133.30,138.3 1 0
github.com/veilence/veilence-mx/backend/internal/api/handlers/charts.go:139.2,139.31 1 0
github.com/veilence/veilence-mx/backend/internal/api/handlers/charts.go:139.31,141.3 1 0
github.com/veilence/veilence-mx/backend/internal/api/handlers/charts.go:144.2,145.16 2 0
github.com/veilence/veilence-mx/backend/internal/api/handlers/charts.go:145.16,149.3 3 0
github.com/veilence/veilence-mx/backend/internal/api/handlers/charts.go:151.2,152.32 2 0
github.com/veilence/veilence-mx/backend/internal/api/handlers/charts.go:152.32,154.3 1 0
github.com/veilence/veilence-mx/backend/internal/api/handlers/charts.go:155.2,155.68 1 0
github.com/veilence/veilence-mx/backend/internal/api/handlers/charts.go:155.68,160.3 1 0
github.com/veilence/veilence-mx/backend/internal/api/handlers/charts.go:163.2,164.16 2 0
github.com/veilence/veilence-mx/backend/internal/api/handlers/charts.go:164.16,168.3 3 0
github.com/veilence/veilence-mx/backend/internal/api/handlers/charts.go:170.2,170.33 1 0
github.com/veilence/veilence-mx/backend/internal/api/handlers/charts.go:170.33,175.3 1 0
github.com/veilence/veilence-mx/backend/internal/api/handlers/charts.go:176.2,176.36 1 0
github.com/veilence/veilence-mx/backend/internal/api/handlers/charts.go:176.36,178.3 1 0
github.com/veilence/veilence-mx/backend/internal/api/handlers/charts.go:180.2,180.42 1 0
github.com/veilence/veilence-mx/backend/internal/api/handlers/handlers.go:115.13,163.2 1 0
github.com/veilence/veilence-mx/backend/internal/api/handlers/handlers.go:179.75,183.2 3 42
github.com/veilence/veilence-mx/backend/internal/api/handlers/handlers.go:185.66,189.2 3 22
github.com/veilence/veilence-mx/backend/internal/api/handlers/handlers.go:192.66,194.2 1 18
github.com/veilence/veilence-mx/backend/internal/api/handlers/handlers.go:196.50,198.14 2 19
github.com/veilence/veilence-mx/backend/internal/api/handlers/handlers.go:198.14,200.3 1 18
github.com/veilence/veilence-mx/backend/internal/api/handlers/handlers.go:201.2,202.30 2 19
github.com/veilence/veilence-mx/backend/internal/api/handlers/handlers.go:202.30,204.3 1 18
github.com/veilence/veilence-mx/backend/internal/api/handlers/handlers.go:205.2,205.20 1 19
github.com/veilence/veilence-mx/backend/internal/api/handlers/handlers.go:210.94,215.9 4 18
github.com/veilence/veilence-mx/backend/internal/api/handlers/handlers.go:215.9,217.3 1 18
github.com/veilence/veilence-mx/backend/internal/api/handlers/handlers.go:219.2,219.56 1 0
github.com/veilence/veilence-mx/backend/internal/api/handlers/handlers.go:219.56,221.3 1 0
github.com/veilence/veilence-mx/backend/internal/api/handlers/handlers.go:223.2,223.28 1 0
github.com/veilence/veilence-mx/backend/internal/api/handlers/health.go:24.78,30.16 4 0
github.com/veilence/veilence-mx/backend/internal/api/handlers/health.go:30.16,33.3 2 0
github.com/veilence/veilence-mx/backend/internal/api/handlers/health.go:33.8,36.50 3 0
github.com/veilence/veilence-mx/backend/internal/api/handlers/health.go:36.50,39.4 2 0
github.com/veilence/veilence-mx/backend/internal/api/handlers/health.go:39.9,44.4 1 0
github.com/veilence/veilence-mx/backend/internal/api/handlers/health.go:48.2,51.47 4 0
github.com/veilence/veilence-mx/backend/internal/api/handlers/health.go:51.47,54.3 2 0
github.com/veilence/veilence-mx/backend/internal/api/handlers/health.go:54.8,59.3 1 0
github.com/veilence/veilence-mx/backend/internal/api/handlers/health.go:61.2,62.31 2 0
github.com/veilence/veilence-mx/backend/internal/api/handlers/health.go:62.31,64.3 1 0
github.com/veilence/veilence-mx/backend/internal/api/handlers/health.go:66.2,66.35 1 0
github.com/veilence/veilence-mx/backend/internal/api/handlers/health.go:72.81,84.16 5 0
github.com/veilence/veilence-mx/backend/internal/api/handlers/health.go:84.16,87.3 2 0
github.com/veilence/veilence-mx/backend/internal/api/handlers/health.go:87.8,90.50 3 0
github.com/veilence/veilence-mx/backend/internal/api/handlers/health.go:90.50,93.4 2 0
github.com/veilence/veilence-mx/backend/internal/api/handlers/health.go:93.9,98.4 1 0
github.com/veilence/veilence-mx/backend/internal/api/handlers/health.go:102.2,105.47 4 0
github.com/veilence/veilence-mx/backend/internal/api/handlers/health.go:105.47,108.3 2 0
github.com/veilence/veilence-mx/backend/internal/api/handlers/health.go:108.8,113.3 1 0
github.com/veilence/veilence-mx/backend/internal/api/handlers/health.go:115.2,117.12 3 0
github.com/veilence/veilence-mx/backend/internal/api/handlers/health.go:117.12,119.3 1 0
github.com/veilence/veilence-mx/backend/internal/api/handlers/health.go:121.2,121.35 1 0
github.com/veilence/veilence-mx/backend/internal/api/handlers/members.go:29.75,31.16 2 0
github.com/veilence/veilence-mx/backend/internal/api/handlers/members.go:31.16,34.3 2 0
github.com/veilence/veilence-mx/backend/internal/api/handlers/members.go:36.2,37.16 2 0
github.com/veilence/veilence-mx/backend/internal/api/handlers/members.go:37.16,40.3 2 0
github.com/veilence/veilence-mx/backend/internal/api/handlers/members.go:42.2,42.45 1 0
github.com/veilence/veilence-mx/backend/internal/api/handlers/members.go:46.76,49.31 3 0
github.com/veilence/veilence-mx/backend/internal/api/handlers/members.go:49.31,52.3 2 0
github.com/veilence/veilence-mx/backend/internal/api/handlers/members.go:54.2,55.61 2 0
github.com/veilence/veilence-mx/backend/internal/api/handlers/members.go:55.61,58.3 2 0
github.com/veilence/veilence-mx/backend/internal/api/handlers/members.go:60.2,60.21 1 0
github.com/veilence/veilence-mx/backend/internal/api/handlers/members.go:60.21,63.3 2 0
github.com/veilence/veilence-mx/backend/internal/api/handlers/members.go:64.2,64.60 1 0
github.com/veilence/veilence-mx/backend/internal/api/handlers/members.go:64.60,67.3 2 0
github.com/veilence/veilence-mx/backend/internal/api/handlers/members.go:68.2,68.21 1 0
github.com/veilence/veilence-mx/backend/internal/api/handlers/members.go:68.21,71.3 2 0
github.com/veilence/veilence-mx/backend/internal/api/handlers/members.go:73.2,74.16 2 0
github.com/veilence/veilence-mx/backend/internal/api/handlers/members.go:74.16,75.43 1 0
github.com/veilence/veilence-mx/backend/internal/api/handlers/members.go:75.43,78.4 2 0
github.com/veilence/veilence-mx/backend/internal/api/handlers/members.go:79.3,80.9 2 0
github.com/veilence/veilence-mx/backend/internal/api/handlers/members.go:83.2,96.9 2 0
github.com/veilence/veilence-mx/backend/internal/api/handlers/members.go:100.80,102.17 2 0
github.com/veilence/veilence-mx/backend/internal/api/handlers/members.go:102.17,105.3 2 0
github.com/veilence/veilence-mx/backend/internal/api/handlers/members.go:107.2,108.17 2 0
github.com/veilence/veilence-mx/backend/internal/api/handlers/members.go:108.17,111.3 2 0
github.com/veilence/veilence-mx/backend/internal/api/handlers/members.go:113.2,114.21 2 0
github.com/veilence/veilence-mx/backend/internal/api/handlers/members.go:114.21,117.3 2 0
github.com/veilence/veilence-mx/backend/internal/api/handlers/members.go:119.2,120.16 2 0
github.com/veilence/veilence-mx/backend/internal/api/handlers/members.go:120.16,121.49 1 0
github.com/veilence/veilence-mx/backend/internal/api/handlers/members.go:121.49,124.4 2 0
github.com/veilence/veilence-mx/backend/internal/api/handlers/members.go:125.3,125.48 1 0
github.com/veilence/veilence-mx/backend/internal/api/handlers/members.go:125.48,128.4 2 0
github.com/veilence/veilence-mx/backend/internal/api/handlers/members.go:129.3,129.49 1 0
github.com/veilence/veilence-mx/backend/internal/api/handlers/members.go:129.49,132.4 2 0
github.com/veilence/veilence-mx/backend/internal/api/handlers/members.go:133.3,133.44 1 0
github.com/veilence/veilence-mx/backend/internal/api/handlers/members.go:133.44,136.4 2 0
github.com/veilence/veilence-mx/backend/internal/api/handlers/members.go:137.3,137.54 1 0
github.com/veilence/veilence-mx/backend/internal/api/handlers/members.go:137.54,140.4 2 0
github.com/veilence/veilence-mx/backend/internal/api/handlers/members.go:141.3,142.9 2 0
github.com/veilence/veilence-mx/backend/internal/api/handlers/members.go:145.2,147.44 2 0
github.com/veilence/veilence-mx/backend/internal/api/handlers/members.go:154.81,156.17 2 0
github.com/veilence/veilence-mx/backend/internal/api/handlers/members.go:156.17,159.3 2 0
github.com/veilence/veilence-mx/backend/internal/api/handlers/members.go:161.2,162.16 2 0
github.com/veilence/veilence-mx/backend/internal/api/handlers/members.go:162.16,163.49 1 0
github.com/veilence/veilence-mx/backend/internal/api/handlers/members.go:163.49,166.4 2 0
github.com/veilence/veilence-mx/backend/internal/api/handlers/members.go:167.3,168.9 2 0
github.com/veilence/veilence-mx/backend/internal/api/handlers/members.go:172.2,178.9 1 0
github.com/veilence/veilence-mx/backend/internal/api/handlers/members.go:183.86,185.16 2 0
github.com/veilence/veilence-mx/backend/internal/api/handlers/members.go:185.16,188.3 2 0
github.com/veilence/veilence-mx/backend/internal/api/handlers/members.go:190.2,191.16 2 0
github.com/veilence/veilence-mx/backend/internal/api/handlers/members.go:191.16,194.3 2 0
github.com/veilence/veilence-mx/backend/internal/api/handlers/members.go:196.2,196.49 1 0
github.com/veilence/veilence-mx/backend/internal/api/handlers/members.go:201.80,203.16 2 0
github.com/veilence/veilence-mx/backend/internal/api/handlers/members.go:203.16,206.3 2 0
github.com/veilence/veilence-mx/backend/internal/api/handlers/members.go:208.2,210.16 3 0
github.com/veilence/veilence-mx/backend/internal/api/handlers/members.go:210.16,213.3 2 0
github.com/veilence/veilence-mx/backend/internal/api/handlers/members.go:215.2,215.65 1 0
github.com/veilence/veilence-mx/backend/internal/api/handlers/members.go:215.65,216.49 1 0
github.com/veilence/veilence-mx/backend/internal/api/handlers/members.go:216.49,219.4 2 0
github.com/veilence/veilence-mx/backend/internal/api/handlers/members.go:220.3,221.9 2 0
github.com/veilence/veilence-mx/backend/internal/api/handlers/members.go:224.2,226.88 2 0
github.com/veilence/veilence-mx/backend/internal/api/handlers/members.go:230.76,232.16 2 0
github.com/veilence/veilence-mx/backend/internal/api/handlers/members.go:232.16,235.3 2 0
github.com/veilence/veilence-mx/backend/internal/api/handlers/members.go:237.2,239.16 3 0
github.com/veilence/veilence-mx/backend/internal/api/handlers/members.go:239.16,242.3 2 0
github.com/veilence/veilence-mx/backend/internal/api/handlers/members.go:244.2,244.71 1 0
github.com/veilence/veilence-mx/backend/internal/api/handlers/members.go:244.71,245.48 1 0
github.com/veilence/veilence-mx/backend/internal/api/handlers/members.go:245.48,248.4 2 0
github.com/veilence/veilence-mx/backend/internal/api/handlers/members.go:249.3,249.45 1 0
github.com/veilence/veilence-mx/backend/internal/api/handlers/members.go:249.45,252.4 2 0
github.com/veilence/veilence-mx/backend/internal/api/handlers/members.go:253.3,254.9 2 0
github.com/veilence/veilence-mx/backend/internal/api/handlers/members.go:257.2,259.41 2 0
github.com/veilence/veilence-mx/backend/internal/api/handlers/members.go:263.80,265.16 2 0
github.com/veilence/veilence-mx/backend/internal/api/handlers/members.go:265.16,268.3 2 0
github.com/veilence/veilence-mx/backend/internal/api/handlers/members.go:270.2,272.16 3 0
github.com/veilence/veilence-mx/backend/internal/api/handlers/members.go:272.16,275.3 2 0
github.com/veilence/veilence-mx/backend/internal/api/handlers/members.go:277.2,278.61 2 0
github.com/veilence/veilence-mx/backend/internal/api/handlers/members.go:278.61,281.3 2 0
github.com/veilence/veilence-mx/backend/internal/api/handlers/members.go:283.2,283.21 1 0
github.com/veilence/veilence-mx/backend/internal/api/handlers/members.go:283.21,286.3 2 0
github.com/veilence/veilence-mx/backend/internal/api/handlers/members.go:288.2,289.16 2 0
github.com/veilence/veilence-mx/backend/internal/api/handlers/members.go:289.16,290.48 1 0
github.com/veilence/veilence-mx/backend/internal/api/handlers/members.go:290.48,293.4 2 0
github.com/veilence/veilence-mx/backend/internal/api/handlers/members.go:294.3,294.45 1 0
github.com/veilence/veilence-mx/backend/internal/api/handlers/members.go:294.45,297.4 2 0
github.com/veilence/veilence-mx/backend/internal/api/handlers/members.go:298.3,298.43 1 0
github.com/veilence/veilence-mx/backend/internal/api/handlers/members.go:298.43,301.4 2 0
github.com/veilence/veilence-mx/backend/internal/api/handlers/members.go:302.3,303.9 2 0
github.com/veilence/veilence-mx/backend/internal/api/handlers/members.go:306.2,308.44 2 0
github.com/veilence/veilence-mx/backend/internal/api/handlers/notifications.go:38.97,40.16 2 0
github.com/veilence/veilence-mx/backend/internal/api/handlers/notifications.go:40.16,43.3 2 0
github.com/veilence/veilence-mx/backend/internal/api/handlers/notifications.go:45.2,46.16 2 0
github.com/veilence/veilence-mx/backend/internal/api/handlers/notifications.go:46.16,49.3 2 0
github.com/veilence/veilence-mx/backend/internal/api/handlers/notifications.go:51.2,51.46 1 0
github.com/veilence/veilence-mx/backend/internal/api/handlers/notifications.go:55.98,57.16 2 0
github.com/veilence/veilence-mx/backend/internal/api/handlers/notifications.go:57.16,60.3 2 0
github.com/veilence/veilence-mx/backend/internal/api/handlers/notifications.go:62.2,63.61 2 0
github.com/veilence/veilence-mx/backend/internal/api/handlers/notifications.go:63.61,66.3 2 0
github.com/veilence/veilence-mx/backend/internal/api/handlers/notifications.go:68.2,68.70 1 0
github.com/veilence/veilence-mx/backend/internal/api/handlers/notifications.go:68.70,71.3 2 0
github.com/veilence/veilence-mx/backend/internal/api/handlers/notifications.go:72.2,72.76 1 0
github.com/veilence/veilence-mx/backend/internal/api/handlers/notifications.go:72.76,75.3 2 0
github.com/veilence/veilence-mx/backend/internal/api/handlers/notifications.go:77.2,82.27 2 0
github.com/veilence/veilence-mx/backend/internal/api/handlers/notifications.go:82.27,85.3 2 0
github.com/veilence/veilence-mx/backend/internal/api/handlers/notifications.go:87.2,88.16 2 0
github.com/veilence/veilence-mx/backend/internal/api/handlers/notifications.go:88.16,91.3 2 0
github.com/veilence/veilence-mx/backend/internal/api/handlers/notifications.go:93.2,95.50 2 0
github.com/veilence/veilence-mx/backend/internal/api/handlers/notifications.go:99.98,101.16 2 0
github.com/veilence/veilence-mx/backend/internal/api/handlers/notifications.go:101.16,104.3 2 0
github.com/veilence/veilence-mx/backend/internal/api/handlers/notifications.go:106.2,108.16 3 0
github.com/veilence/veilence-mx/backend/internal/api/handlers/notifications.go:108.16,111.3 2 0
github.com/veilence/veilence-mx/backend/internal/api/handlers/notifications.go:113.2,114.61 2 0
github.com/veilence/veilence-mx/backend/internal/api/handlers/notifications.go:114.61,117.3 2 0
github.com/veilence/veilence-mx/backend/internal/api/handlers/notifications.go:119.2,119.70 1 0
github.com/veilence/veilence-mx/backend/internal/api/handlers/notifications.go:119.70,122.3 2 0
github.com/veilence/veilence-mx/backend/internal/api/handlers/notifications.go:123.2,123.76 1 0
github.com/veilence/veilence-mx/backend/internal/api/handlers/notifications.go:123.76,126.3 2 0
github.com/veilence/veilence-mx/backend/internal/api/handlers/notifications.go:128.2,129.16 2 0
github.com/veilence/veilence-mx/backend/internal/api/handlers/notifications.go:129.16,132.3 2 0
github.com/veilence/veilence-mx/backend/internal/api/handlers/notifications.go:134.2,136.45 2 0
github.com/veilence/veilence-mx/backend/internal/api/handlers/notifications.go:140.98,142.16 2 0
github.com/veilence/veilence-mx/backend/internal/api/handlers/notifications.go:142.16,145.3 2 0
github.com/veilence/veilence-mx/backend/internal/api/handlers/notifications.go:147.2,149.16 3 0
github.com/veilence/veilence-mx/backend/internal/api/handlers/notifications.go:149.16,152.3 2 0
github.com/veilence/veilence-mx/backend/internal/api/handlers/notifications.go:154.2,154.71 1 0
github.com/veilence/veilence-mx/backend/internal/api/handlers/notifications.go:154.71,157.3 2 0
github.com/veilence/veilence-mx/backend/internal/api/handlers/notifications.go:159.2,161.41 2 0
github.com/veilence/veilence-mx/backend/internal/api/handlers/notifications.go:165.94,167.16 2 0
github.com/veilence/veilence-mx/backend/internal/api/handlers/notifications.go:167.16,170.3 2 0
github.com/veilence/veilence-mx/backend/internal/api/handlers/notifications.go:172.2,173.16 2 0
github.com/veilence/veilence-mx/backend/internal/api/handlers/notifications.go:173.16,176.3 2 0
github.com/veilence/veilence-mx/backend/internal/api/handlers/notifications.go:178.2,178.43 1 0
github.com/veilence/veilence-mx/backend/internal/api/handlers/notifications.go:182.95,184.16 2 0
github.com/veilence/veilence-mx/backend/internal/api/handlers/notifications.go:184.16,187.3 2 0
github.com/veilence/veilence-mx/backend/internal/api/handlers/notifications.go:189.2,190.61 2 0
github.com/veilence/veilence-mx/backend/internal/api/handlers/notifications.go:190.61,193.3 2 0
github.com/veilence/veilence-mx/backend/internal/api/handlers/notifications.go:195.2,195.24 1 0
github.com/veilence/veilence-mx/backend/internal/api/handlers/notifications.go:195.24,198.3 2 0
github.com/veilence/veilence-mx/backend/internal/api/handlers/notifications.go:200.2,203.58 2 0
github.com/veilence/veilence-mx/backend/internal/api/handlers/notifications.go:203.58,206.3 2 0
github.com/veilence/veilence-mx/backend/internal/api/handlers/notifications.go:208.2,209.16 2 0
github.com/veilence/veilence-mx/backend/internal/api/handlers/notifications.go:209.16,212.3 2 0
github.com/veilence/veilence-mx/backend/internal/api/handlers/notifications.go:214.2,216.47 2 0
github.com/veilence/veilence-mx/backend/internal/api/handlers/notifications.go:220.95,222.16 2 0
github.com/veilence/veilence-mx/backend/internal/api/handlers/notifications.go:222.16,225.3 2 0
github.com/veilence/veilence-mx/backend/internal/api/handlers/notifications.go:227.2,229.16 3 0
github.com/veilence/veilence-mx/backend/internal/api/handlers/notifications.go:229.16,232.3 2 0
github.com/veilence/veilence-mx/backend/internal/api/handlers/notifications.go:234.2,234.68 1 0
github.com/veilence/veilence-mx/backend/internal/api/handlers/notifications.go:234.68,237.3 2 0
github.com/veilence/veilence-mx/backend/internal/api/handlers/notifications.go:239.2,241.41 2 0
github.com/veilence/veilence-mx/backend/internal/api/handlers/notifications.go:246.94,248.17 2 0
github.com/veilence/veilence-mx/backend/internal/api/handlers/notifications.go:248.17,251.3 2 0
github.com/veilence/veilence-mx/backend/internal/api/handlers/notifications.go:253.2,256.16 3 0
github.com/veilence/veilence-mx/backend/internal/api/handlers/notifications.go:256.16,259.3 2 0
github.com/veilence/veilence-mx/backend/internal/api/handlers/notifications.go:261.2,261.51 1 0
github.com/veilence/veilence-mx/backend/internal/api/handlers/notifications.go:266.87,268.17 2 0
github.com/veilence/veilence-mx/backend/internal/api/handlers/notifications.go:268.17,271.3 2 0
github.com/veilence/veilence-mx/backend/internal/api/handlers/notifications.go:273.2,274.16 2 0
github.com/veilence/veilence-mx/backend/internal/api/handlers/notifications.go:274.16,277.3 2 0
github.com/veilence/veilence-mx/backend/internal/api/handlers/notifications.go:279.2,279.70 1 0
github.com/veilence/veilence-mx/backend/internal/api/handlers/notifications.go:284.93,286.17 2 0
github.com/veilence/veilence-mx/backend/internal/api/handlers/notifications.go:286.17,289.3 2 0
github.com/veilence/veilence-mx/backend/internal/api/handlers/notifications.go:291.2,293.16 3 0
github.com/veilence/veilence-mx/backend/internal/api/handlers/notifications.go:293.16,296.3 2 0
github.com/veilence/veilence-mx/backend/internal/api/handlers/notifications.go:298.2,298.67 1 0
github.com/veilence/veilence-mx/backend/internal/api/handlers/notifications.go:298.67,301.3 2 0
github.com/veilence/veilence-mx/backend/internal/api/handlers/notifications.go:303.2,303.41 1 0
github.com/veilence/veilence-mx/backend/internal/api/handlers/notifications.go:308.97,310.17 2 0
github.com/veilence/veilence-mx/backend/internal/api/handlers/notifications.go:310.17,313.3 2 0
github.com/veilence/veilence-mx/backend/internal/api/handlers/notifications.go:315.2,316.16 2 0
github.com/veilence/veilence-mx/backend/internal/api/handlers/notifications.go:316.16,319.3 2 0
github.com/veilence/veilence-mx/backend/internal/api/handlers/notifications.go:321.2,321.75 1 0
github.com/veilence/veilence-mx/backend/internal/api/handlers/organizations.go:30.82,32.17 2 0
github.com/veilence/veilence-mx/backend/internal/api/handlers/organizations.go:32.17,35.3 2 0
github.com/veilence/veilence-mx/backend/internal/api/handlers/organizations.go:37.2,38.61 2 0
github.com/veilence/veilence-mx/backend/internal/api/handlers/organizations.go:38.61,41.3 2 0
github.com/veilence/veilence-mx/backend/internal/api/handlers/organizations.go:43.2,43.70 1 0
github.com/veilence/veilence-mx/backend/internal/api/handlers/organizations.go:43.70,46.3 2 0
github.com/veilence/veilence-mx/backend/internal/api/handlers/organizations.go:47.2,47.58 1 0
github.com/veilence/veilence-mx/backend/internal/api/handlers/organizations.go:47.58,50.3 2 0
github.com/veilence/veilence-mx/backend/internal/api/handlers/organizations.go:52.2,53.16 2 0
github.com/veilence/veilence-mx/backend/internal/api/handlers/organizations.go:53.16,54.40 1 0
github.com/veilence/veilence-mx/backend/internal/api/handlers/organizations.go:54.40,57.4 2 0
github.com/veilence/veilence-mx/backend/internal/api/handlers/organizations.go:58.3,59.9 2 0
github.com/veilence/veilence-mx/backend/internal/api/handlers/organizations.go:62.2,64.46 2 0
github.com/veilence/veilence-mx/backend/internal/api/handlers/organizations.go:68.81,70.17 2 0
github.com/veilence/veilence-mx/backend/internal/api/handlers/organizations.go:70.17,73.3 2 0
github.com/veilence/veilence-mx/backend/internal/api/handlers/organizations.go:75.2,76.16 2 0
github.com/veilence/veilence-mx/backend/internal/api/handlers/organizations.go:76.16,79.3 2 0
github.com/veilence/veilence-mx/backend/internal/api/handlers/organizations.go:81.2,81.42 1 0
github.com/veilence/veilence-mx/backend/internal/api/handlers/organizations.go:85.79,87.16 2 0
github.com/veilence/veilence-mx/backend/internal/api/handlers/organizations.go:87.16,90.3 2 0
github.com/veilence/veilence-mx/backend/internal/api/handlers/organizations.go:92.2,93.16 2 0
github.com/veilence/veilence-mx/backend/internal/api/handlers/organizations.go:93.16,94.42 1 0
github.com/veilence/veilence-mx/backend/internal/api/handlers/organizations.go:94.42,97.4 2 0
github.com/veilence/veilence-mx/backend/internal/api/handlers/organizations.go:98.3,99.9 2 0
github.com/veilence/veilence-mx/backend/internal/api/handlers/organizations.go:102.2,102.41 1 0
github.com/veilence/veilence-mx/backend/internal/api/handlers/organizations.go:106.82,108.16 2 0
github.com/veilence/veilence-mx/backend/internal/api/handlers/organizations.go:108.16,111.3 2 0
github.com/veilence/veilence-mx/backend/internal/api/handlers/organizations.go:113.2,114.61 2 0
github.com/veilence/veilence-mx/backend/internal/api/handlers/organizations.go:114.61,117.3 2 0
github.com/veilence/veilence-mx/backend/internal/api/handlers/organizations.go:120.2,121.16 2 0
github.com/veilence/veilence-mx/backend/internal/api/handlers/organizations.go:121.16,124.3 2 0
github.com/veilence/veilence-mx/backend/internal/api/handlers/organizations.go:126.2,127.40 2 0
github.com/veilence/veilence-mx/backend/internal/api/handlers/organizations.go:127.40,129.3 1 0
github.com/veilence/veilence-mx/backend/internal/api/handlers/organizations.go:130.2,131.40 2 0
github.com/veilence/veilence-mx/backend/internal/api/handlers/organizations.go:131.40,132.60 1 0
github.com/veilence/veilence-mx/backend/internal/api/handlers/organizations.go:132.60,135.4 2 0
github.com/veilence/veilence-mx/backend/internal/api/handlers/organizations.go:136.3,136.19 1 0
github.com/veilence/veilence-mx/backend/internal/api/handlers/organizations.go:138.2,139.28 2 0
github.com/veilence/veilence-mx/backend/internal/api/handlers/organizations.go:139.28,141.3 1 0
github.com/veilence/veilence-mx/backend/internal/api/handlers/organizations.go:143.2,144.16 2 0
github.com/veilence/veilence-mx/backend/internal/api/handlers/organizations.go:144.16,145.42 1 0
github.com/veilence/veilence-mx/backend/internal/api/handlers/organizations.go:145.42,148.4 2 0
github.com/veilence/veilence-mx/backend/internal/api/handlers/organizations.go:149.3,149.40 1 0
github.com/veilence/veilence-mx/backend/internal/api/handlers/organizations.go:149.40,152.4 2 0
github.com/veilence/veilence-mx/backend/internal/api/handlers/organizations.go:153.3,154.9 2 0
github.com/veilence/veilence-mx/backend/internal/api/handlers/organizations.go:157.2,159.41 2 0
github.com/veilence/veilence-mx/backend/internal/api/handlers/organizations.go:163.82,166.16 3 0
github.com/veilence/veilence-mx/backend/internal/api/handlers/organizations.go:166.16,169.3 2 0
github.com/veilence/veilence-mx/backend/internal/api/handlers/organizations.go:171.2,171.63 1 0
github.com/veilence/veilence-mx/backend/internal/api/handlers/organizations.go:171.63,172.42 1 0
github.com/veilence/veilence-mx/backend/internal/api/handlers/organizations.go:172.42,175.4 2 0
github.com/veilence/veilence-mx/backend/internal/api/handlers/organizations.go:176.3,177.9 2 0
github.com/veilence/veilence-mx/backend/internal/api/handlers/organizations.go:180.2,182.41 2 0
github.com/veilence/veilence-mx/backend/internal/api/handlers/packages.go:17.80,34.26 8 9
github.com/veilence/veilence-mx/backend/internal/api/handlers/packages.go:34.26,36.3 1 2
github.com/veilence/veilence-mx/backend/internal/api/handlers/packages.go:37.2,37.26 1 9
github.com/veilence/veilence-mx/backend/internal/api/handlers/packages.go:37.26,39.3 1 1
github.com/veilence/veilence-mx/backend/internal/api/handlers/packages.go:40.2,40.18 1 9
github.com/veilence/veilence-mx/backend/internal/api/handlers/packages.go:40.18,42.3 1 0
github.com/veilence/veilence-mx/backend/internal/api/handlers/packages.go:44.2,53.88 5 9
github.com/veilence/veilence-mx/backend/internal/api/handlers/packages.go:57.78,61.16 3 3
github.com/veilence/veilence-mx/backend/internal/api/handlers/packages.go:61.16,64.3 2 1
github.com/veilence/veilence-mx/backend/internal/api/handlers/packages.go:66.2,67.89 2 2
github.com/veilence/veilence-mx/backend/internal/api/handlers/packages.go:67.89,70.3 2 1
github.com/veilence/veilence-mx/backend/internal/api/handlers/packages.go:72.2,72.41 1 1
github.com/veilence/veilence-mx/backend/internal/api/handlers/packages.go:81.81,85.61 3 7
github.com/veilence/veilence-mx/backend/internal/api/handlers/packages.go:85.61,88.3 2 1
github.com/veilence/veilence-mx/backend/internal/api/handlers/packages.go:90.2,90.20 1 6
github.com/veilence/veilence-mx/backend/internal/api/handlers/packages.go:90.20,93.3 2 1
github.com/veilence/veilence-mx/backend/internal/api/handlers/packages.go:94.2,94.53 1 5
github.com/veilence/veilence-mx/backend/internal/api/handlers/packages.go:94.53,97.3 2 1
github.com/veilence/veilence-mx/backend/internal/api/handlers/packages.go:99.2,100.143 2 4
github.com/veilence/veilence-mx/backend/internal/api/handlers/packages.go:100.143,103.3 2 1
github.com/veilence/veilence-mx/backend/internal/api/handlers/packages.go:105.2,112.48 2 3
github.com/veilence/veilence-mx/backend/internal/api/handlers/packages.go:112.48,115.3 2 0
github.com/veilence/veilence-mx/backend/internal/api/handlers/packages.go:117.2,119.46 2 3
github.com/veilence/veilence-mx/backend/internal/api/handlers/packages.go:123.81,127.16 3 2
github.com/veilence/veilence-mx/backend/internal/api/handlers/packages.go:127.16,130.3 2 1
github.com/veilence/veilence-mx/backend/internal/api/handlers/packages.go:132.2,133.25 2 1
github.com/veilence/veilence-mx/backend/internal/api/handlers/packages.go:133.25,136.3 2 0
github.com/veilence/veilence-mx/backend/internal/api/handlers/packages.go:138.2,140.41 2 1
github.com/veilence/veilence-mx/backend/internal/api/handlers/queue.go:18.79,19.20 1 0
github.com/veilence/veilence-mx/backend/internal/api/handlers/queue.go:19.20,22.3 2 0
github.com/veilence/veilence-mx/backend/internal/api/handlers/queue.go:24.2,25.16 2 0
github.com/veilence/veilence-mx/backend/internal/api/handlers/queue.go:25.16,29.3 3 0
github.com/veilence/veilence-mx/backend/internal/api/handlers/queue.go:31.2,32.16 2 0
github.com/veilence/veilence-mx/backend/internal/api/handlers/queue.go:32.16,36.3 3 0
github.com/veilence/veilence-mx/backend/internal/api/handlers/queue.go:38.2,41.9 1 0
github.com/veilence/veilence-mx/backend/internal/api/handlers/queue.go:47.77,48.20 1 0
github.com/veilence/veilence-mx/backend/internal/api/handlers/queue.go:48.20,51.3 2 0
github.com/veilence/veilence-mx/backend/internal/api/handlers/queue.go:53.2,54.19 2 0
github.com/veilence/veilence-mx/backend/internal/api/handlers/queue.go:54.19,56.3 1 0
github.com/veilence/veilence-mx/backend/internal/api/handlers/queue.go:58.2,59.16 2 0
github.com/veilence/veilence-mx/backend/internal/api/handlers/queue.go:59.16,63.3 3 0
github.com/veilence/veilence-mx/backend/internal/api/handlers/queue.go:65.2,65.42 1 0
github.com/veilence/veilence-mx/backend/internal/api/handlers/queue.go:71.79,72.20 1 0
github.com/veilence/veilence-mx/backend/internal/api/handlers/queue.go:72.20,75.3 2 0
github.com/veilence/veilence-mx/backend/internal/api/handlers/queue.go:77.2,78.19 2 0
github.com/veilence/veilence-mx/backend/internal/api/handlers/queue.go:78.19,80.3 1 0
github.com/veilence/veilence-mx/backend/internal/api/handlers/queue.go:82.2,83.16 2 0
github.com/veilence/veilence-mx/backend/internal/api/handlers/queue.go:83.16,87.3 3 0
github.com/veilence/veilence-mx/backend/internal/api/handlers/queue.go:89.2,92.9 1 0
github.com/veilence/veilence-mx/backend/internal/api/handlers/releases.go:23.87,27.16 3 4
github.com/veilence/veilence-mx/backend/internal/api/handlers/releases.go:27.16,30.3 2 1
github.com/veilence/veilence-mx/backend/internal/api/handlers/releases.go:33.2,34.96 2 3
github.com/veilence/veilence-mx/backend/internal/api/handlers/releases.go:34.96,37.3 2 2
github.com/veilence/veilence-mx/backend/internal/api/handlers/releases.go:39.2,51.88 6 1
github.com/veilence/veilence-mx/backend/internal/api/handlers/releases.go:55.78,59.16 3 5
github.com/veilence/veilence-mx/backend/internal/api/handlers/releases.go:59.16,62.3 2 0
github.com/veilence/veilence-mx/backend/internal/api/handlers/releases.go:64.2,65.74 2 5
github.com/veilence/veilence-mx/backend/internal/api/handlers/releases.go:65.74,68.3 2 1
github.com/veilence/veilence-mx/backend/internal/api/handlers/releases.go:71.2,71.36 1 4
github.com/veilence/veilence-mx/backend/internal/api/handlers/releases.go:71.36,74.3 2 1
github.com/veilence/veilence-mx/backend/internal/api/handlers/releases.go:76.2,82.94 3 3
github.com/veilence/veilence-mx/backend/internal/api/handlers/releases.go:82.94,85.93 3 1
github.com/veilence/veilence-mx/backend/internal/api/handlers/releases.go:85.93,87.4 1 1
github.com/veilence/veilence-mx/backend/internal/api/handlers/releases.go:88.8,88.60 1 2
github.com/veilence/veilence-mx/backend/internal/api/handlers/releases.go:88.60,91.3 1 2
github.com/veilence/veilence-mx/backend/internal/api/handlers/releases.go:93.2,93.44 1 3
github.com/veilence/veilence-mx/backend/internal/api/handlers/roles.go:10.73,12.16 2 0
github.com/veilence/veilence-mx/backend/internal/api/handlers/roles.go:12.16,15.3 2 0
github.com/veilence/veilence-mx/backend/internal/api/handlers/roles.go:17.2,18.16 2 0
github.com/veilence/veilence-mx/backend/internal/api/handlers/roles.go:18.16,21.3 2 0
github.com/veilence/veilence-mx/backend/internal/api/handlers/roles.go:23.2,23.43 1 0
github.com/veilence/veilence-mx/backend/internal/api/handlers/roles.go:27.79,29.16 2 0
github.com/veilence/veilence-mx/backend/internal/api/handlers/roles.go:29.16,32.3 2 0
github.com/veilence/veilence-mx/backend/internal/api/handlers/roles.go:34.2,34.43 1 0
github.com/veilence/veilence-mx/backend/internal/api/handlers/session_handler.go:21.80,23.17 2 0
github.com/veilence/veilence-mx/backend/internal/api/handlers/session_handler.go:23.17,26.3 2 0
github.com/veilence/veilence-mx/backend/internal/api/handlers/session_handler.go:28.2,29.16 2 0
github.com/veilence/veilence-mx/backend/internal/api/handlers/session_handler.go:29.16,32.3 2 0
github.com/veilence/veilence-mx/backend/internal/api/handlers/session_handler.go:34.2,34.46 1 0
github.com/veilence/veilence-mx/backend/internal/api/handlers/session_handler.go:39.81,41.17 2 0
github.com/veilence/veilence-mx/backend/internal/api/handlers/session_handler.go:41.17,44.3 2 0
github.com/veilence/veilence-mx/backend/internal/api/handlers/session_handler.go:46.2,47.16 2 0
github.com/veilence/veilence-mx/backend/internal/api/handlers/session_handler.go:47.16,50.3 2 0
github.com/veilence/veilence-mx/backend/internal/api/handlers/session_handler.go:52.2,52.63 1 0
github.com/veilence/veilence-mx/backend/internal/api/handlers/session_handler.go:52.63,53.46 1 0
github.com/veilence/veilence-mx/backend/internal/api/handlers/session_handler.go:53.46,56.4 2 0
github.com/veilence/veilence-mx/backend/internal/api/handlers/session_handler.go:57.3,58.9 2 0
github.com/veilence/veilence-mx/backend/internal/api/handlers/session_handler.go:61.2,61.85 1 0
github.com/veilence/veilence-mx/backend/internal/api/handlers/settings.go:16.80,23.29 5 10
github.com/veilence/veilence-mx/backend/internal/api/handlers/settings.go:23.29,25.3 1 12
github.com/veilence/veilence-mx/backend/internal/api/handlers/settings.go:27.2,27.44 1 10
github.com/veilence/veilence-mx/backend/internal/api/handlers/settings.go:31.83,35.61 3 6
github.com/veilence/veilence-mx/backend/internal/api/handlers/settings.go:35.61,38.3 2 1
github.com/veilence/veilence-mx/backend/internal/api/handlers/settings.go:40.2,52.30 2 5
github.com/veilence/veilence-mx/backend/internal/api/handlers/settings.go:52.30,53.22 1 7
github.com/veilence/veilence-mx/backend/internal/api/handlers/settings.go:53.22,56.4 2 1
github.com/veilence/veilence-mx/backend/internal/api/handlers/settings.go:58.3,60.26 3 6
github.com/veilence/veilence-mx/backend/internal/api/handlers/settings.go:60.26,63.4 1 5
github.com/veilence/veilence-mx/backend/internal/api/handlers/settings.go:63.9,66.4 1 1
github.com/veilence/veilence-mx/backend/internal/api/handlers/settings.go:69.2,70.23 2 4
github.com/veilence/veilence-mx/backend/internal/api/handlers/settings.go:70.23,72.3 1 6
github.com/veilence/veilence-mx/backend/internal/api/handlers/settings.go:73.2,76.21 2 4
github.com/veilence/veilence-mx/backend/internal/api/handlers/settings.go:76.21,78.3 1 0
github.com/veilence/veilence-mx/backend/internal/api/handlers/settings.go:81.2,81.21 1 4
github.com/veilence/veilence-mx/backend/internal/api/handlers/settings.go:85.84,89.52 3 0
github.com/veilence/veilence-mx/backend/internal/api/handlers/settings.go:89.52,93.115 3 0
github.com/veilence/veilence-mx/backend/internal/api/handlers/settings.go:93.115,94.64 1 0
github.com/veilence/veilence-mx/backend/internal/api/handlers/settings.go:94.64,96.5 1 0
github.com/veilence/veilence-mx/backend/internal/api/handlers/settings.go:99.3,99.85 1 0
github.com/veilence/veilence-mx/backend/internal/api/handlers/settings.go:99.85,103.4 3 0
github.com/veilence/veilence-mx/backend/internal/api/handlers/settings.go:106.2,106.51 1 0
github.com/veilence/veilence-mx/backend/internal/api/handlers/settings.go:106.51,109.114 3 0
github.com/veilence/veilence-mx/backend/internal/api/handlers/settings.go:109.114,110.64 1 0
github.com/veilence/veilence-mx/backend/internal/api/handlers/settings.go:110.64,112.5 1 0
github.com/veilence/veilence-mx/backend/internal/api/handlers/settings.go:115.3,115.84 1 0
github.com/veilence/veilence-mx/backend/internal/api/handlers/settings.go:115.84,119.4 3 0
github.com/veilence/veilence-mx/backend/internal/api/handlers/settings.go:122.2,122.84 1 0
github.com/veilence/veilence-mx/backend/internal/audit/middleware.go:15.28,22.2 5 1
github.com/veilence/veilence-mx/backend/internal/audit/middleware.go:28.60,29.71 1 2
github.com/veilence/veilence-mx/backend/internal/audit/middleware.go:29.71,31.26 2 2
github.com/veilence/veilence-mx/backend/internal/audit/middleware.go:31.26,33.4 1 1
github.com/veilence/veilence-mx/backend/internal/audit/middleware.go:35.3,38.40 3 2
github.com/veilence/veilence-mx/backend/internal/audit/middleware.go:44.59,45.55 1 48
github.com/veilence/veilence-mx/backend/internal/audit/middleware.go:45.55,47.3 1 3
github.com/veilence/veilence-mx/backend/internal/audit/middleware.go:48.2,48.11 1 45
github.com/veilence/veilence-mx/backend/internal/audit/service.go:44.39,46.2 1 17
github.com/veilence/veilence-mx/backend/internal/audit/service.go:50.108,57.60 5 35
github.com/veilence/veilence-mx/backend/internal/audit/service.go:57.60,60.3 2 3
github.com/veilence/veilence-mx/backend/internal/audit/service.go:62.2,74.49 2 35
github.com/veilence/veilence-mx/backend/internal/audit/service.go:74.49,84.3 2 0
github.com/veilence/veilence-mx/backend/internal/audit/service.go:86.2,94.3 1 35
github.com/veilence/veilence-mx/backend/internal/audit/service.go:101.97,105.60 3 10
github.com/veilence/veilence-mx/backend/internal/audit/service.go:105.60,108.3 2 1
github.com/veilence/veilence-mx/backend/internal/audit/service.go:110.2,122.49 2 10
github.com/veilence/veilence-mx/backend/internal/audit/service.go:122.49,129.3 2 0
github.com/veilence/veilence-mx/backend/internal/audit/service.go:131.2,135.3 1 10
github.com/veilence/veilence-mx/backend/internal/audit/service.go:141.124,149.2 1 3
github.com/veilence/veilence-mx/backend/internal/audit/service.go:153.72,155.40 2 3
github.com/veilence/veilence-mx/backend/internal/audit/service.go:155.40,157.14 2 7
github.com/veilence/veilence-mx/backend/internal/audit/service.go:157.14,158.12 1 0
github.com/veilence/veilence-mx/backend/internal/audit/service.go:160.3,162.28 3 7
github.com/veilence/veilence-mx/backend/internal/audit/service.go:162.28,167.4 1 4
github.com/veilence/veilence-mx/backend/internal/audit/service.go:170.2,170.23 1 3
github.com/veilence/veilence-mx/backend/internal/audit/service.go:170.23,172.3 1 1
github.com/veilence/veilence-mx/backend/internal/audit/service.go:174.2,178.16 2 2
github.com/veilence/veilence-mx/backend/internal/audit/service.go:178.16,181.3 2 0
github.com/veilence/veilence-mx/backend/internal/audit/service.go:183.2,183.87 1 2
github.com/veilence/veilence-mx/backend/internal/audit/service.go:188.121,191.26 2 5
github.com/veilence/veilence-mx/backend/internal/audit/service.go:191.26,193.3 1 1
github.com/veilence/veilence-mx/backend/internal/audit/service.go:194.2,194.28 1 5
github.com/veilence/veilence-mx/backend/internal/audit/service.go:194.28,196.3 1 1
github.com/veilence/veilence-mx/backend/internal/audit/service.go:197.2,197.25 1 5
github.com/veilence/veilence-mx/backend/internal/audit/service.go:197.25,199.3 1 1
github.com/veilence/veilence-mx/backend/internal/audit/service.go:200.2,200.29 1 5
github.com/veilence/veilence-mx/backend/internal/audit/service.go:200.29,202.3 1 0
github.com/veilence/veilence-mx/backend/internal/audit/service.go:203.2,203.27 1 5
github.com/veilence/veilence-mx/backend/internal/audit/service.go:203.27,205.3 1 0
github.com/veilence/veilence-mx/backend/internal/audit/service.go:207.2,208.50 2 5
github.com/veilence/veilence-mx/backend/internal/audit/service.go:208.50,210.3 1 0
github.com/veilence/veilence-mx/backend/internal/audit/service.go:212.2,218.16 3 5
github.com/veilence/veilence-mx/backend/internal/audit/service.go:218.16,220.3 1 0
github.com/veilence/veilence-mx/backend/internal/audit/service.go:222.2,222.25 1 5
github.com/veilence/veilence-mx/backend/internal/audit/service.go:226.66,228.53 2 2
github.com/veilence/veilence-mx/backend/internal/audit/service.go:228.53,230.3 1 1
github.com/veilence/veilence-mx/backend/internal/audit/service.go:231.2,231.20 1 1
github.com/veilence/veilence-mx/backend/internal/audit/service.go:241.76,243.2 1 4
github.com/veilence/veilence-mx/backend/internal/audit/service.go:247.63,248.71 1 2
github.com/veilence/veilence-mx/backend/internal/audit/service.go:248.71,251.3 2 2
github.com/veilence/veilence-mx/backend/internal/database/database.go:20.44,24.16 2 0
github.com/veilence/veilence-mx/backend/internal/database/database.go:24.16,26.3 1 0
github.com/veilence/veilence-mx/backend/internal/database/database.go:28.2,29.16 2 0
github.com/veilence/veilence-mx/backend/internal/database/database.go:29.16,31.3 1 0
github.com/veilence/veilence-mx/backend/internal/database/database.go:33.2,38.45 4 0
github.com/veilence/veilence-mx/backend/internal/database/database.go:38.45,40.3 1 0
github.com/veilence/veilence-mx/backend/internal/database/database.go:43.2,43.49 1 0
github.com/veilence/veilence-mx/backend/internal/database/database.go:43.49,45.3 1 0
github.com/veilence/veilence-mx/backend/internal/database/database.go:47.2,47.16 1 0
github.com/veilence/veilence-mx/backend/internal/database/database.go:51.38,53.16 2 0
github.com/veilence/veilence-mx/backend/internal/database/database.go:53.16,55.3 1 0
github.com/veilence/veilence-mx/backend/internal/database/database.go:57.2,59.61 2 0
github.com/veilence/veilence-mx/backend/internal/database/database.go:59.61,61.3 1 0
github.com/veilence/veilence-mx/backend/internal/database/database.go:63.2,65.12 3 0
github.com/veilence/veilence-mx/backend/internal/database/database.go:69.43,71.16 2 0
github.com/veilence/veilence-mx/backend/internal/database/database.go:71.16,73.3 1 0
github.com/veilence/veilence-mx/backend/internal/database/database.go:75.2,75.66 1 0
github.com/veilence/veilence-mx/backend/internal/database/database.go:75.66,77.3 1 0
github.com/veilence/veilence-mx/backend/internal/database/database.go:79.2,81.12 3 0
github.com/veilence/veilence-mx/backend/internal/database/database.go:85.36,87.16 2 0
github.com/veilence/veilence-mx/backend/internal/database/database.go:87.16,89.3 1 0
github.com/veilence/veilence-mx/backend/internal/database/database.go:91.2,91.63 1 0
github.com/veilence/veilence-mx/backend/internal/database/database.go:91.63,93.3 1 0
github.com/veilence/veilence-mx/backend/internal/database/database.go:95.2,96.12 2 0
github.com/veilence/veilence-mx/backend/internal/database/database.go:100.55,102.16 2 0
github.com/veilence/veilence-mx/backend/internal/database/database.go:102.16,104.3 1 0
github.com/veilence/veilence-mx/backend/internal/database/database.go:105.2,105.20 1 0
github.com/veilence/veilence-mx/backend/internal/database/database.go:108.56,110.16 2 0
github.com/veilence/veilence-mx/backend/internal/database/database.go:110.16,112.3 1 0
github.com/veilence/veilence-mx/backend/internal/database/database.go:114.2,115.16 2 0
github.com/veilence/veilence-mx/backend/internal/database/database.go:115.16,117.3 1 0
github.com/veilence/veilence-mx/backend/internal/database/database.go:119.2,120.16 2 0
github.com/veilence/veilence-mx/backend/internal/database/database.go:120.16,122.3 1 0
github.com/veilence/veilence-mx/backend/internal/database/database.go:124.2,124.15 1 0
github.com/veilence/veilence-mx/backend/internal/domain/api_key.go:21.40,22.38 1 0
github.com/veilence/veilence-mx/backend/internal/domain/api_key.go:22.38,23.21 1 0
github.com/veilence/veilence-mx/backend/internal/domain/api_key.go:23.21,25.4 1 0
github.com/veilence/veilence-mx/backend/internal/domain/api_key.go:27.2,27.14 1 0
github.com/veilence/veilence-mx/backend/internal/domain/api_key.go:34.54,35.11 1 0
github.com/veilence/veilence-mx/backend/internal/domain/api_key.go:36.24,37.14 1 0
github.com/veilence/veilence-mx/backend/internal/domain/api_key.go:38.24,39.28 1 0
github.com/veilence/veilence-mx/backend/internal/domain/api_key.go:40.23,41.68 1 0
github.com/veilence/veilence-mx/backend/internal/domain/api_key.go:42.10,43.15 1 0
github.com/veilence/veilence-mx/backend/internal/models/alert.go:42.33,44.2 1 0
github.com/veilence/veilence-mx/backend/internal/models/analysis.go:46.36,48.2 1 0
github.com/veilence/veilence-mx/backend/internal/models/api_key.go:25.34,27.2 1 0
github.com/veilence/veilence-mx/backend/internal/models/audit_log.go:23.36,25.2 1 0
github.com/veilence/veilence-mx/backend/internal/models/diff.go:23.32,25.2 1 0
github.com/veilence/veilence-mx/backend/internal/models/invitation.go:21.38,23.2 1 0
github.com/veilence/veilence-mx/backend/internal/models/notification.go:32.47,34.2 1 0
github.com/veilence/veilence-mx/backend/internal/models/notification.go:48.44,50.2 1 0
github.com/veilence/veilence-mx/backend/internal/models/notification.go:66.40,68.2 1 0
github.com/veilence/veilence-mx/backend/internal/models/org_member.go:20.37,22.2 1 0
github.com/veilence/veilence-mx/backend/internal/models/organization.go:23.40,25.2 1 0
github.com/veilence/veilence-mx/backend/internal/models/package.go:36.35,38.2 1 0
github.com/veilence/veilence-mx/backend/internal/models/refresh_token.go:19.40,21.2 1 0
github.com/veilence/veilence-mx/backend/internal/models/release.go:39.35,41.2 1 0
github.com/veilence/veilence-mx/backend/internal/models/role.go:20.32,22.2 1 0
github.com/veilence/veilence-mx/backend/internal/models/role.go:32.38,34.2 1 0
github.com/veilence/veilence-mx/backend/internal/models/session.go:18.35,20.2 1 0
github.com/veilence/veilence-mx/backend/internal/models/setting.go:19.35,21.2 1 0
github.com/veilence/veilence-mx/backend/internal/models/token.go:16.46,18.2 1 0
github.com/veilence/veilence-mx/backend/internal/models/token.go:30.50,32.2 1 0
github.com/veilence/veilence-mx/backend/internal/models/user.go:26.32,28.2 1 0
github.com/veilence/veilence-mx/backend/internal/models/user.go:31.52,33.16 2 0
github.com/veilence/veilence-mx/backend/internal/models/user.go:33.16,35.3 1 0
github.com/veilence/veilence-mx/backend/internal/models/user.go:36.2,37.12 2 0
github.com/veilence/veilence-mx/backend/internal/models/user.go:41.52,44.2 2 0
github.com/veilence/veilence-mx/backend/internal/metrics/handler.go:11.29,15.2 1 0
github.com/veilence/veilence-mx/backend/internal/metrics/metrics.go:100.13,118.2 4 0
github.com/veilence/veilence-mx/backend/internal/differ/differ.go:37.109,38.31 1 3
github.com/veilence/veilence-mx/backend/internal/differ/differ.go:38.31,40.3 1 2
github.com/veilence/veilence-mx/backend/internal/differ/differ.go:41.2,47.3 1 3
github.com/veilence/veilence-mx/backend/internal/differ/differ.go:51.72,53.2 1 0
github.com/veilence/veilence-mx/backend/internal/differ/differ.go:56.76,58.81 2 0
github.com/veilence/veilence-mx/backend/internal/differ/differ.go:58.81,60.3 1 0
github.com/veilence/veilence-mx/backend/internal/differ/differ.go:63.2,70.30 4 0
github.com/veilence/veilence-mx/backend/internal/differ/differ.go:70.30,75.3 3 0
github.com/veilence/veilence-mx/backend/internal/differ/differ.go:78.2,79.16 2 0
github.com/veilence/veilence-mx/backend/internal/differ/differ.go:79.16,81.3 1 0
github.com/veilence/veilence-mx/backend/internal/differ/differ.go:84.2,85.16 2 0
github.com/veilence/veilence-mx/backend/internal/differ/differ.go:85.16,88.3 2 0
github.com/veilence/veilence-mx/backend/internal/differ/differ.go:89.2,92.16 3 0
github.com/veilence/veilence-mx/backend/internal/differ/differ.go:92.16,95.3 2 0
github.com/veilence/veilence-mx/backend/internal/differ/differ.go:96.2,100.16 3 0
github.com/veilence/veilence-mx/backend/internal/differ/differ.go:100.16,103.3 2 0
github.com/veilence/veilence-mx/backend/internal/differ/differ.go:104.2,107.16 3 0
github.com/veilence/veilence-mx/backend/internal/differ/differ.go:107.16,110.3 2 0
github.com/veilence/veilence-mx/backend/internal/differ/differ.go:111.2,115.16 3 0
github.com/veilence/veilence-mx/backend/internal/differ/differ.go:115.16,118.3 2 0
github.com/veilence/veilence-mx/backend/internal/differ/differ.go:121.2,121.47 1 0
github.com/veilence/veilence-mx/backend/internal/differ/differ.go:121.47,123.3 1 0
github.com/veilence/veilence-mx/backend/internal/differ/differ.go:126.2,135.49 2 0
github.com/veilence/veilence-mx/backend/internal/differ/differ.go:135.49,138.3 2 0
github.com/veilence/veilence-mx/backend/internal/differ/differ.go:141.2,153.16 4 0
github.com/veilence/veilence-mx/backend/internal/differ/differ.go:153.16,155.3 1 0
github.com/veilence/veilence-mx/backend/internal/differ/differ.go:157.2,159.12 2 0
github.com/veilence/veilence-mx/backend/internal/differ/differ.go:162.61,163.14 1 3
github.com/veilence/veilence-mx/backend/internal/differ/differ.go:164.14,165.16 1 1
github.com/veilence/veilence-mx/backend/internal/differ/differ.go:166.13,167.15 1 1
github.com/veilence/veilence-mx/backend/internal/differ/differ.go:168.10,169.13 1 1
github.com/veilence/veilence-mx/backend/internal/differ/differ.go:173.65,178.2 1 0
github.com/veilence/veilence-mx/backend/internal/differ/differ.go:187.50,189.16 2 6
github.com/veilence/veilence-mx/backend/internal/differ/differ.go:189.16,191.3 1 1
github.com/veilence/veilence-mx/backend/internal/differ/differ.go:192.2,195.16 3 5
github.com/veilence/veilence-mx/backend/internal/differ/differ.go:195.16,197.3 1 1
github.com/veilence/veilence-mx/backend/internal/differ/differ.go:198.2,201.16 3 4
github.com/veilence/veilence-mx/backend/internal/differ/differ.go:201.16,203.3 1 0
github.com/veilence/veilence-mx/backend/internal/differ/differ.go:205.2,206.6 2 4
github.com/veilence/veilence-mx/backend/internal/differ/differ.go:206.6,208.29 2 11
github.com/veilence/veilence-mx/backend/internal/differ/differ.go:208.29,209.9 1 4
github.com/veilence/veilence-mx/backend/internal/differ/differ.go:211.3,211.17 1 7
github.com/veilence/veilence-mx/backend/internal/differ/differ.go:211.17,213.4 1 0
github.com/veilence/veilence-mx/backend/internal/differ/differ.go:216.3,217.40 2 7
github.com/veilence/veilence-mx/backend/internal/differ/differ.go:217.40,218.12 1 1
github.com/veilence/veilence-mx/backend/internal/differ/differ.go:221.3,224.83 2 6
github.com/veilence/veilence-mx/backend/internal/differ/differ.go:224.83,225.12 1 0
github.com/veilence/veilence-mx/backend/internal/differ/differ.go:228.3,228.26 1 6
github.com/veilence/veilence-mx/backend/internal/differ/differ.go:229.20,230.53 1 1
github.com/veilence/veilence-mx/backend/internal/differ/differ.go:230.53,232.5 1 0
github.com/veilence/veilence-mx/backend/internal/differ/differ.go:233.20,234.67 1 5
github.com/veilence/veilence-mx/backend/internal/differ/differ.go:234.67,236.5 1 0
github.com/veilence/veilence-mx/backend/internal/differ/differ.go:237.4,238.18 2 5
github.com/veilence/veilence-mx/backend/internal/differ/differ.go:238.18,240.5 1 0
github.com/veilence/veilence-mx/backend/internal/differ/differ.go:241.4,241.80 1 5
github.com/veilence/veilence-mx/backend/internal/differ/differ.go:241.80,244.5 2 0
github.com/veilence/veilence-mx/backend/internal/differ/differ.go:245.4,245.19 1 5
github.com/veilence/veilence-mx/backend/internal/differ/differ.go:249.2,249.21 1 4
github.com/veilence/veilence-mx/backend/internal/differ/differ.go:253.69,255.16 2 7
github.com/veilence/veilence-mx/backend/internal/differ/differ.go:255.16,257.3 1 0
github.com/veilence/veilence-mx/backend/internal/differ/differ.go:259.2,260.16 2 7
github.com/veilence/veilence-mx/backend/internal/differ/differ.go:260.16,262.3 1 0
github.com/veilence/veilence-mx/backend/internal/differ/differ.go:265.2,266.26 2 7
github.com/veilence/veilence-mx/backend/internal/differ/differ.go:266.26,268.3 1 7
github.com/veilence/veilence-mx/backend/internal/differ/differ.go:269.2,269.26 1 7
github.com/veilence/veilence-mx/backend/internal/differ/differ.go:269.26,271.3 1 7
github.com/veilence/veilence-mx/backend/internal/differ/differ.go:273.2,274.26 2 7
github.com/veilence/veilence-mx/backend/internal/differ/differ.go:274.26,276.3 1 9
github.com/veilence/veilence-mx/backend/internal/differ/differ.go:277.2,282.35 4 7
github.com/veilence/veilence-mx/backend/internal/differ/differ.go:282.35,286.31 3 9
github.com/veilence/veilence-mx/backend/internal/differ/differ.go:286.31,287.12 1 2
github.com/veilence/veilence-mx/backend/internal/differ/differ.go:290.3,292.17 2 7
github.com/veilence/veilence-mx/backend/internal/differ/differ.go:292.17,296.31 4 2
github.com/veilence/veilence-mx/backend/internal/differ/differ.go:296.31,298.5 1 2
github.com/veilence/veilence-mx/backend/internal/differ/differ.go:299.9,299.24 1 5
github.com/veilence/veilence-mx/backend/internal/differ/differ.go:299.24,303.31 4 2
github.com/veilence/veilence-mx/backend/internal/differ/differ.go:303.31,305.5 1 2
github.com/veilence/veilence-mx/backend/internal/differ/differ.go:306.9,312.34 4 3
github.com/veilence/veilence-mx/backend/internal/differ/differ.go:312.34,315.5 2 5
github.com/veilence/veilence-mx/backend/internal/differ/differ.go:316.4,316.34 1 3
github.com/veilence/veilence-mx/backend/internal/differ/differ.go:316.34,319.5 2 6
github.com/veilence/veilence-mx/backend/internal/differ/differ.go:321.3,321.32 1 7
github.com/veilence/veilence-mx/backend/internal/differ/differ.go:324.2,324.41 1 7
github.com/veilence/veilence-mx/backend/internal/differ/differ.go:328.56,331.82 2 17
github.com/veilence/veilence-mx/backend/internal/differ/differ.go:331.82,332.17 1 50
github.com/veilence/veilence-mx/backend/internal/differ/differ.go:332.17,334.4 1 0
github.com/veilence/veilence-mx/backend/internal/differ/differ.go:335.3,335.19 1 50
github.com/veilence/veilence-mx/backend/internal/differ/differ.go:335.19,337.4 1 32
github.com/veilence/veilence-mx/backend/internal/differ/differ.go:340.3,340.30 1 18
github.com/veilence/veilence-mx/backend/internal/differ/differ.go:340.30,342.4 1 1
github.com/veilence/veilence-mx/backend/internal/differ/differ.go:344.3,345.17 2 17
github.com/veilence/veilence-mx/backend/internal/differ/differ.go:345.17,347.4 1 0
github.com/veilence/veilence-mx/backend/internal/differ/differ.go:350.3,351.21 2 17
github.com/veilence/veilence-mx/backend/internal/differ/differ.go:351.21,353.4 1 17
github.com/veilence/veilence-mx/backend/internal/differ/differ.go:355.3,356.17 2 17
github.com/veilence/veilence-mx/backend/internal/differ/differ.go:356.17,358.4 1 0
github.com/veilence/veilence-mx/backend/internal/differ/differ.go:360.3,361.13 2 17
github.com/veilence/veilence-mx/backend/internal/differ/differ.go:364.2,364.19 1 17
github.com/veilence/veilence-mx/backend/internal/notifications/service.go:39.41,41.2 1 20
github.com/veilence/veilence-mx/backend/internal/notifications/service.go:57.12,64.2 1 72
github.com/veilence/veilence-mx/backend/internal/notifications/service.go:67.154,78.56 3 53
github.com/veilence/veilence-mx/backend/internal/notifications/service.go:78.56,80.3 1 0
github.com/veilence/veilence-mx/backend/internal/notifications/service.go:82.2,88.21 2 53
github.com/veilence/veilence-mx/backend/internal/notifications/service.go:92.82,96.16 3 5
github.com/veilence/veilence-mx/backend/internal/notifications/service.go:96.16,98.3 1 0
github.com/veilence/veilence-mx/backend/internal/notifications/service.go:99.2,99.22 1 5
github.com/veilence/veilence-mx/backend/internal/notifications/service.go:104.129,108.16 3 4
github.com/veilence/veilence-mx/backend/internal/notifications/service.go:108.16,110.3 1 2
github.com/veilence/veilence-mx/backend/internal/notifications/service.go:112.2,116.56 4 2
github.com/veilence/veilence-mx/backend/internal/notifications/service.go:116.56,118.3 1 0
github.com/veilence/veilence-mx/backend/internal/notifications/service.go:120.2,121.21 2 2
github.com/veilence/veilence-mx/backend/internal/notifications/service.go:126.55,130.16 3 3
github.com/veilence/veilence-mx/backend/internal/notifications/service.go:130.16,132.3 1 0
github.com/veilence/veilence-mx/backend/internal/notifications/service.go:133.2,133.19 1 3
github.com/veilence/veilence-mx/backend/internal/notifications/service.go:133.19,135.3 1 2
github.com/veilence/veilence-mx/backend/internal/notifications/service.go:137.2,138.12 2 1
github.com/veilence/veilence-mx/backend/internal/notifications/service.go:142.104,152.50 3 43
github.com/veilence/veilence-mx/backend/internal/notifications/service.go:152.50,154.3 1 0
github.com/veilence/veilence-mx/backend/internal/notifications/service.go:156.2,162.18 2 43
github.com/veilence/veilence-mx/backend/internal/notifications/service.go:166.76,170.16 3 5
github.com/veilence/veilence-mx/backend/internal/notifications/service.go:170.16,172.3 1 0
github.com/veilence/veilence-mx/backend/internal/notifications/service.go:173.2,173.19 1 5
github.com/veilence/veilence-mx/backend/internal/notifications/service.go:178.52,182.16 3 3
github.com/veilence/veilence-mx/backend/internal/notifications/service.go:182.16,184.3 1 0
github.com/veilence/veilence-mx/backend/internal/notifications/service.go:185.2,185.19 1 3
github.com/veilence/veilence-mx/backend/internal/notifications/service.go:185.19,187.3 1 2
github.com/veilence/veilence-mx/backend/internal/notifications/service.go:189.2,190.12 2 1
github.com/veilence/veilence-mx/backend/internal/notifications/service.go:204.73,209.16 3 35
github.com/veilence/veilence-mx/backend/internal/notifications/service.go:209.16,212.3 2 0
github.com/veilence/veilence-mx/backend/internal/notifications/service.go:214.2,216.29 2 35
github.com/veilence/veilence-mx/backend/internal/notifications/service.go:216.29,218.38 2 35
github.com/veilence/veilence-mx/backend/internal/notifications/service.go:218.38,219.12 1 2
github.com/veilence/veilence-mx/backend/internal/notifications/service.go:223.3,224.17 2 33
github.com/veilence/veilence-mx/backend/internal/notifications/service.go:224.17,229.12 2 0
github.com/veilence/veilence-mx/backend/internal/notifications/service.go:232.3,232.24 1 33
github.com/veilence/veilence-mx/backend/internal/notifications/service.go:232.24,233.12 1 1
github.com/veilence/veilence-mx/backend/internal/notifications/service.go:237.3,245.67 2 32
github.com/veilence/veilence-mx/backend/internal/notifications/service.go:245.67,251.12 2 0
github.com/veilence/veilence-mx/backend/internal/notifications/service.go:255.3,255.48 1 32
github.com/veilence/veilence-mx/backend/internal/notifications/service.go:260.96,261.22 1 32
github.com/veilence/veilence-mx/backend/internal/notifications/service.go:262.39,263.39 1 15
github.com/veilence/veilence-mx/backend/internal/notifications/service.go:264.39,265.39 1 6
github.com/veilence/veilence-mx/backend/internal/notifications/service.go:266.41,267.41 1 10
github.com/veilence/veilence-mx/backend/internal/notifications/service.go:268.10,272.4 1 1
github.com/veilence/veilence-mx/backend/internal/notifications/service.go:285.88,286.28 1 15
github.com/veilence/veilence-mx/backend/internal/notifications/service.go:286.28,293.3 2 13
github.com/veilence/veilence-mx/backend/internal/notifications/service.go:295.2,296.69 2 2
github.com/veilence/veilence-mx/backend/internal/notifications/service.go:296.69,302.3 2 0
github.com/veilence/veilence-mx/backend/internal/notifications/service.go:304.2,304.26 1 2
github.com/veilence/veilence-mx/backend/internal/notifications/service.go:304.26,307.3 2 0
github.com/veilence/veilence-mx/backend/internal/notifications/service.go:309.2,310.28 2 2
github.com/veilence/veilence-mx/backend/internal/notifications/service.go:310.28,312.3 1 4
github.com/veilence/veilence-mx/backend/internal/notifications/service.go:315.2,328.27 12 2
github.com/veilence/veilence-mx/backend/internal/notifications/service.go:328.27,330.3 1 0
github.com/veilence/veilence-mx/backend/internal/notifications/service.go:333.2,333.26 1 2
github.com/veilence/veilence-mx/backend/internal/notifications/service.go:333.26,334.86 1 0
github.com/veilence/veilence-mx/backend/internal/notifications/service.go:334.86,341.4 2 0
github.com/veilence/veilence-mx/backend/internal/notifications/service.go:342.8,343.90 1 2
github.com/veilence/veilence-mx/backend/internal/notifications/service.go:343.90,350.4 2 2
github.com/veilence/veilence-mx/backend/internal/notifications/service.go:353.2,357.3 1 0
github.com/veilence/veilence-mx/backend/internal/notifications/service.go:361.108,368.16 3 0
github.com/veilence/veilence-mx/backend/internal/notifications/service.go:368.16,370.3 1 0
github.com/veilence/veilence-mx/backend/internal/notifications/service.go:372.2,373.16 2 0
github.com/veilence/veilence-mx/backend/internal/notifications/service.go:373.16,376.3 2 0
github.com/veilence/veilence-mx/backend/internal/notifications/service.go:377.2,379.17 2 0
github.com/veilence/veilence-mx/backend/internal/notifications/service.go:379.17,380.43 1 0
github.com/veilence/veilence-mx/backend/internal/notifications/service.go:380.43,382.4 1 0
github.com/veilence/veilence-mx/backend/internal/notifications/service.go:385.2,385.49 1 0
github.com/veilence/veilence-mx/backend/internal/notifications/service.go:385.49,387.3 1 0
github.com/veilence/veilence-mx/backend/internal/notifications/service.go:389.2,389.34 1 0
github.com/veilence/veilence-mx/backend/internal/notifications/service.go:389.34,390.43 1 0
github.com/veilence/veilence-mx/backend/internal/notifications/service.go:390.43,392.4 1 0
github.com/veilence/veilence-mx/backend/internal/notifications/service.go:395.2,396.16 2 0
github.com/veilence/veilence-mx/backend/internal/notifications/service.go:396.16,398.3 1 0
github.com/veilence/veilence-mx/backend/internal/notifications/service.go:400.2,400.40 1 0
github.com/veilence/veilence-mx/backend/internal/notifications/service.go:400.40,402.3 1 0
github.com/veilence/veilence-mx/backend/internal/notifications/service.go:404.2,404.34 1 0
github.com/veilence/veilence-mx/backend/internal/notifications/service.go:404.34,406.3 1 0
github.com/veilence/veilence-mx/backend/internal/notifications/service.go:408.2,408.22 1 0
github.com/veilence/veilence-mx/backend/internal/notifications/service.go:423.88,425.69 2 6
github.com/veilence/veilence-mx/backend/internal/notifications/service.go:425.69,431.3 2 1
github.com/veilence/veilence-mx/backend/internal/notifications/service.go:433.2,433.26 1 5
github.com/veilence/veilence-mx/backend/internal/notifications/service.go:433.26,436.3 2 2
github.com/veilence/veilence-mx/backend/internal/notifications/service.go:439.2,443.16 4 3
github.com/veilence/veilence-mx/backend/internal/notifications/service.go:443.16,449.3 2 0
github.com/veilence/veilence-mx/backend/internal/notifications/service.go:451.2,453.16 3 3
github.com/veilence/veilence-mx/backend/internal/notifications/service.go:453.16,459.3 2 1
github.com/veilence/veilence-mx/backend/internal/notifications/service.go:460.2,462.28 2 2
github.com/veilence/veilence-mx/backend/internal/notifications/service.go:462.28,468.3 2 1
github.com/veilence/veilence-mx/backend/internal/notifications/service.go:470.2,473.3 1 1
github.com/veilence/veilence-mx/backend/internal/notifications/service.go:493.90,495.69 2 10
github.com/veilence/veilence-mx/backend/internal/notifications/service.go:495.69,501.3 2 1
github.com/veilence/veilence-mx/backend/internal/notifications/service.go:503.2,503.19 1 9
github.com/veilence/veilence-mx/backend/internal/notifications/service.go:503.19,506.3 2 1
github.com/veilence/veilence-mx/backend/internal/notifications/service.go:508.2,515.16 3 8
github.com/veilence/veilence-mx/backend/internal/notifications/service.go:515.16,521.3 2 0
github.com/veilence/veilence-mx/backend/internal/notifications/service.go:523.2,524.16 2 8
github.com/veilence/veilence-mx/backend/internal/notifications/service.go:524.16,531.3 2 0
github.com/veilence/veilence-mx/backend/internal/notifications/service.go:532.2,536.22 2 8
github.com/veilence/veilence-mx/backend/internal/notifications/service.go:536.22,539.3 2 3
github.com/veilence/veilence-mx/backend/internal/notifications/service.go:541.2,543.16 3 8
github.com/veilence/veilence-mx/backend/internal/notifications/service.go:543.16,550.3 2 1
github.com/veilence/veilence-mx/backend/internal/notifications/service.go:551.2,553.28 2 7
github.com/veilence/veilence-mx/backend/internal/notifications/service.go:553.28,560.3 2 1
github.com/veilence/veilence-mx/backend/internal/notifications/service.go:562.2,566.3 1 6
github.com/veilence/veilence-mx/backend/internal/notifications/service.go:571.105,575.16 3 11
github.com/veilence/veilence-mx/backend/internal/notifications/service.go:575.16,577.3 1 0
github.com/veilence/veilence-mx/backend/internal/notifications/service.go:578.2,578.20 1 11
github.com/veilence/veilence-mx/backend/internal/notifications/service.go:584.51,588.16 3 5
github.com/veilence/veilence-mx/backend/internal/notifications/service.go:588.16,590.3 1 0
github.com/veilence/veilence-mx/backend/internal/notifications/service.go:591.2,591.19 1 5
github.com/veilence/veilence-mx/backend/internal/notifications/service.go:591.19,593.3 1 2
github.com/veilence/veilence-mx/backend/internal/notifications/service.go:594.2,594.12 1 3
github.com/veilence/veilence-mx/backend/internal/notifications/service.go:598.69,602.16 3 10
github.com/veilence/veilence-mx/backend/internal/notifications/service.go:602.16,604.3 1 0
github.com/veilence/veilence-mx/backend/internal/notifications/service.go:605.2,605.19 1 10
github.com/veilence/veilence-mx/backend/internal/notifications/service.go:610.66,614.16 3 3
github.com/veilence/veilence-mx/backend/internal/notifications/service.go:614.16,616.3 1 0
github.com/veilence/veilence-mx/backend/internal/notifications/service.go:617.2,617.22 1 3
github.com/veilence/veilence-mx/backend/internal/notifications/service.go:627.55,631.2 3 12
github.com/veilence/veilence-mx/backend/internal/notifications/service.go:637.81,639.41 2 9
github.com/veilence/veilence-mx/backend/internal/notifications/service.go:639.41,641.3 1 2
github.com/veilence/veilence-mx/backend/internal/notifications/service.go:642.2,642.45 1 7
github.com/veilence/veilence-mx/backend/internal/notifications/service.go:642.45,644.3 1 2
github.com/veilence/veilence-mx/backend/internal/notifications/service.go:646.2,648.16 3 5
github.com/veilence/veilence-mx/backend/internal/notifications/service.go:648.16,650.3 1 1
github.com/veilence/veilence-mx/backend/internal/notifications/service.go:652.2,655.54 3 4
github.com/veilence/veilence-mx/backend/internal/poller/poller.go:35.57,40.2 1 19
github.com/veilence/veilence-mx/backend/internal/poller/poller.go:44.56,47.35 3 15
github.com/veilence/veilence-mx/backend/internal/poller/poller.go:47.35,49.3 1 11
github.com/veilence/veilence-mx/backend/internal/poller/poller.go:50.2,51.14 2 4
github.com/veilence/veilence-mx/backend/internal/poller/poller.go:55.48,60.2 4 15
github.com/veilence/veilence-mx/backend/internal/poller/poller.go:63.38,68.2 4 0
github.com/veilence/veilence-mx/backend/internal/poller/poller.go:86.109,87.29 1 19
github.com/veilence/veilence-mx/backend/internal/poller/poller.go:87.29,89.3 1 2
github.com/veilence/veilence-mx/backend/internal/poller/poller.go:90.2,97.3 1 19
github.com/veilence/veilence-mx/backend/internal/poller/poller.go:102.44,105.2 2 0
github.com/veilence/veilence-mx/backend/internal/poller/poller.go:108.45,112.2 3 0
github.com/veilence/veilence-mx/backend/internal/poller/poller.go:114.95,118.6 4 0
github.com/veilence/veilence-mx/backend/internal/poller/poller.go:118.6,119.10 1 0
github.com/veilence/veilence-mx/backend/internal/poller/poller.go:120.21,122.10 2 0
github.com/veilence/veilence-mx/backend/internal/poller/poller.go:123.19,124.28 1 0
github.com/veilence/veilence-mx/backend/internal/poller/poller.go:129.75,133.85 3 0
github.com/veilence/veilence-mx/backend/internal/poller/poller.go:133.85,136.3 2 0
github.com/veilence/veilence-mx/backend/internal/poller/poller.go:138.2,138.24 1 0
github.com/veilence/veilence-mx/backend/internal/poller/poller.go:138.24,141.3 2 0
github.com/veilence/veilence-mx/backend/internal/poller/poller.go:143.2,146.31 3 0
github.com/veilence/veilence-mx/backend/internal/poller/poller.go:146.31,148.31 2 0
github.com/veilence/veilence-mx/backend/internal/poller/poller.go:148.31,151.17 3 0
github.com/veilence/veilence-mx/backend/internal/poller/poller.go:151.17,151.26 1 0
github.com/veilence/veilence-mx/backend/internal/poller/poller.go:152.4,152.56 1 0
github.com/veilence/veilence-mx/backend/internal/poller/poller.go:152.56,154.5 1 0
github.com/veilence/veilence-mx/backend/internal/poller/poller.go:158.2,159.90 2 0
github.com/veilence/veilence-mx/backend/internal/poller/poller.go:162.101,164.16 2 6
github.com/veilence/veilence-mx/backend/internal/poller/poller.go:164.16,166.3 1 1
github.com/veilence/veilence-mx/backend/internal/poller/poller.go:168.2,180.62 5 5
github.com/veilence/veilence-mx/backend/internal/poller/poller.go:180.62,182.3 1 1
github.com/veilence/veilence-mx/backend/internal/poller/poller.go:186.2,186.42 1 5
github.com/veilence/veilence-mx/backend/internal/poller/poller.go:186.42,190.26 4 6
github.com/veilence/veilence-mx/backend/internal/poller/poller.go:190.26,192.12 2 0
github.com/veilence/veilence-mx/backend/internal/poller/poller.go:194.3,194.30 1 6
github.com/veilence/veilence-mx/backend/internal/poller/poller.go:194.30,195.12 1 1
github.com/veilence/veilence-mx/backend/internal/poller/poller.go:198.3,207.53 2 5
github.com/veilence/veilence-mx/backend/internal/poller/poller.go:207.53,209.12 2 0
github.com/veilence/veilence-mx/backend/internal/poller/poller.go:212.3,215.21 2 5
github.com/veilence/veilence-mx/backend/internal/poller/poller.go:215.21,217.18 2 0
github.com/veilence/veilence-mx/backend/internal/poller/poller.go:217.18,219.13 2 0
github.com/veilence/veilence-mx/backend/internal/poller/poller.go:221.4,221.77 1 0
github.com/veilence/veilence-mx/backend/internal/poller/poller.go:225.2,225.12 1 5
github.com/veilence/veilence-mx/backend/internal/poller/poller.go:232.92,233.24 1 12
github.com/veilence/veilence-mx/backend/internal/poller/poller.go:233.24,235.3 1 1
github.com/veilence/veilence-mx/backend/internal/poller/poller.go:237.2,239.14 2 11
github.com/veilence/veilence-mx/backend/internal/poller/poller.go:240.16,241.22 1 7
github.com/veilence/veilence-mx/backend/internal/poller/poller.go:242.16,245.71 3 4
github.com/veilence/veilence-mx/backend/internal/poller/poller.go:245.71,247.4 1 3
github.com/veilence/veilence-mx/backend/internal/poller/poller.go:248.3,248.28 1 4
github.com/veilence/veilence-mx/backend/internal/poller/poller.go:248.28,250.4 1 1
github.com/veilence/veilence-mx/backend/internal/poller/poller.go:251.3,251.26 1 4
github.com/veilence/veilence-mx/backend/internal/poller/poller.go:252.10,253.18 1 0
github.com/veilence/veilence-mx/backend/internal/poller/poller.go:259.62,260.38 1 15
github.com/veilence/veilence-mx/backend/internal/poller/poller.go:260.38,262.3 1 0
github.com/veilence/veilence-mx/backend/internal/poller/poller.go:265.2,266.83 2 15
github.com/veilence/veilence-mx/backend/internal/poller/poller.go:266.83,269.3 2 8
github.com/veilence/veilence-mx/backend/internal/poller/poller.go:272.2,273.21 2 7
github.com/veilence/veilence-mx/backend/internal/poller/poller.go:277.107,284.16 5 3
github.com/veilence/veilence-mx/backend/internal/poller/poller.go:284.16,286.3 1 1
github.com/veilence/veilence-mx/backend/internal/poller/poller.go:288.2,288.29 1 2
github.com/veilence/veilence-mx/backend/internal/poller/poller.go:288.29,292.31 4 4
github.com/veilence/veilence-mx/backend/internal/poller/poller.go:292.31,300.50 2 3
github.com/veilence/veilence-mx/backend/internal/poller/poller.go:300.50,302.13 2 0
github.com/veilence/veilence-mx/backend/internal/poller/poller.go:304.9,309.4 1 1
github.com/veilence/veilence-mx/backend/internal/poller/poller.go:312.2,313.12 2 2
github.com/veilence/veilence-mx/backend/internal/registry/npm.go:54.47,55.28 1 8
github.com/veilence/veilence-mx/backend/internal/registry/npm.go:55.28,55.51 1 8
github.com/veilence/veilence-mx/backend/internal/registry/npm.go:59.49,64.27 2 9
github.com/veilence/veilence-mx/backend/internal/registry/npm.go:64.27,66.3 1 8
github.com/veilence/veilence-mx/backend/internal/registry/npm.go:67.2,67.10 1 9
github.com/veilence/veilence-mx/backend/internal/registry/npm.go:70.35,70.51 1 1
github.com/veilence/veilence-mx/backend/internal/registry/npm.go:72.46,73.51 1 4
github.com/veilence/veilence-mx/backend/internal/registry/npm.go:73.51,75.3 1 1
github.com/veilence/veilence-mx/backend/internal/registry/npm.go:76.2,76.29 1 3
github.com/veilence/veilence-mx/backend/internal/registry/npm.go:80.88,85.16 4 4
github.com/veilence/veilence-mx/backend/internal/registry/npm.go:85.16,87.3 1 0
github.com/veilence/veilence-mx/backend/internal/registry/npm.go:88.2,91.16 3 4
github.com/veilence/veilence-mx/backend/internal/registry/npm.go:91.16,93.3 1 0
github.com/veilence/veilence-mx/backend/internal/registry/npm.go:94.2,96.44 2 4
github.com/veilence/veilence-mx/backend/internal/registry/npm.go:96.44,98.3 1 1
github.com/veilence/veilence-mx/backend/internal/registry/npm.go:99.2,99.38 1 3
github.com/veilence/veilence-mx/backend/internal/registry/npm.go:99.38,101.3 1 1
github.com/veilence/veilence-mx/backend/internal/registry/npm.go:103.2,104.68 2 2
github.com/veilence/veilence-mx/backend/internal/registry/npm.go:104.68,106.3 1 0
github.com/veilence/veilence-mx/backend/internal/registry/npm.go:108.2,109.50 2 2
github.com/veilence/veilence-mx/backend/internal/registry/npm.go:109.50,111.3 1 2
github.com/veilence/veilence-mx/backend/internal/registry/npm.go:113.2,114.49 2 2
github.com/veilence/veilence-mx/backend/internal/registry/npm.go:114.49,116.47 2 2
github.com/veilence/veilence-mx/backend/internal/registry/npm.go:116.47,117.73 1 2
github.com/veilence/veilence-mx/backend/internal/registry/npm.go:117.73,119.5 1 2
github.com/veilence/veilence-mx/backend/internal/registry/npm.go:121.3,126.5 1 2
github.com/veilence/veilence-mx/backend/internal/registry/npm.go:129.2,129.43 1 2
github.com/veilence/veilence-mx/backend/internal/registry/npm.go:129.43,131.3 1 0
github.com/veilence/veilence-mx/backend/internal/registry/npm.go:133.2,138.8 1 2
github.com/veilence/veilence-mx/backend/internal/registry/npm.go:142.86,146.23 4 2
github.com/veilence/veilence-mx/backend/internal/registry/npm.go:146.23,148.3 1 2
github.com/veilence/veilence-mx/backend/internal/registry/npm.go:150.2,150.22 1 2
github.com/veilence/veilence-mx/backend/internal/registry/npm.go:150.22,153.23 3 2
github.com/veilence/veilence-mx/backend/internal/registry/npm.go:153.23,155.4 1 0
github.com/veilence/veilence-mx/backend/internal/registry/npm.go:157.3,161.17 3 2
github.com/veilence/veilence-mx/backend/internal/registry/npm.go:161.17,163.4 1 0
github.com/veilence/veilence-mx/backend/internal/registry/npm.go:165.3,166.17 2 2
github.com/veilence/veilence-mx/backend/internal/registry/npm.go:166.17,168.4 1 0
github.com/veilence/veilence-mx/backend/internal/registry/npm.go:170.3,171.72 2 2
github.com/veilence/veilence-mx/backend/internal/registry/npm.go:171.72,174.4 2 1
github.com/veilence/veilence-mx/backend/internal/registry/npm.go:175.3,177.42 2 1
github.com/veilence/veilence-mx/backend/internal/registry/npm.go:177.42,179.4 1 3
github.com/veilence/veilence-mx/backend/internal/registry/npm.go:181.3,182.37 2 1
github.com/veilence/veilence-mx/backend/internal/registry/npm.go:182.37,183.9 1 0
github.com/veilence/veilence-mx/backend/internal/registry/npm.go:187.2,188.22 2 1
github.com/veilence/veilence-mx/backend/internal/registry/npm.go:192.93,194.16 2 2
github.com/veilence/veilence-mx/backend/internal/registry/npm.go:194.16,196.3 1 0
github.com/veilence/veilence-mx/backend/internal/registry/npm.go:198.2,199.16 2 2
github.com/veilence/veilence-mx/backend/internal/registry/npm.go:199.16,201.3 1 0
github.com/veilence/veilence-mx/backend/internal/registry/npm.go:202.2,204.38 2 2
github.com/veilence/veilence-mx/backend/internal/registry/npm.go:204.38,206.3 1 1
github.com/veilence/veilence-mx/backend/internal/registry/npm.go:208.2,209.16 2 1
github.com/veilence/veilence-mx/backend/internal/registry/npm.go:209.16,211.3 1 0
github.com/veilence/veilence-mx/backend/internal/registry/npm.go:213.2,215.16 3 1
github.com/veilence/veilence-mx/backend/internal/registry/npm.go:215.16,217.3 1 0
github.com/veilence/veilence-mx/backend/internal/registry/npm.go:218.2,220.49 2 1
github.com/veilence/veilence-mx/backend/internal/registry/npm.go:220.49,222.3 1 0
github.com/veilence/veilence-mx/backend/internal/registry/npm.go:224.2,224.21 1 1
github.com/veilence/veilence-mx/backend/internal/registry/pypi.go:51.45,52.29 1 5
github.com/veilence/veilence-mx/backend/internal/registry/pypi.go:52.29,52.48 1 5
github.com/veilence/veilence-mx/backend/internal/registry/pypi.go:56.44,57.29 1 3
github.com/veilence/veilence-mx/backend/internal/registry/pypi.go:57.29,57.47 1 3
github.com/veilence/veilence-mx/backend/internal/registry/pypi.go:61.52,67.27 2 9
github.com/veilence/veilence-mx/backend/internal/registry/pypi.go:67.27,69.3 1 8
github.com/veilence/veilence-mx/backend/internal/registry/pypi.go:70.2,70.10 1 9
github.com/veilence/veilence-mx/backend/internal/registry/pypi.go:73.36,73.53 1 1
github.com/veilence/veilence-mx/backend/internal/registry/pypi.go:76.89,79.16 3 3
github.com/veilence/veilence-mx/backend/internal/registry/pypi.go:79.16,81.3 1 0
github.com/veilence/veilence-mx/backend/internal/registry/pypi.go:82.2,85.16 3 3
github.com/veilence/veilence-mx/backend/internal/registry/pypi.go:85.16,87.3 1 0
github.com/veilence/veilence-mx/backend/internal/registry/pypi.go:88.2,90.44 2 3
github.com/veilence/veilence-mx/backend/internal/registry/pypi.go:90.44,92.3 1 1
github.com/veilence/veilence-mx/backend/internal/registry/pypi.go:93.2,93.38 1 2
github.com/veilence/veilence-mx/backend/internal/registry/pypi.go:93.38,95.3 1 1
github.com/veilence/veilence-mx/backend/internal/registry/pypi.go:97.2,98.69 2 1
github.com/veilence/veilence-mx/backend/internal/registry/pypi.go:98.69,100.3 1 0
github.com/veilence/veilence-mx/backend/internal/registry/pypi.go:102.2,103.48 2 1
github.com/veilence/veilence-mx/backend/internal/registry/pypi.go:103.48,104.27 1 1
github.com/veilence/veilence-mx/backend/internal/registry/pypi.go:104.27,105.32 1 1
github.com/veilence/veilence-mx/backend/internal/registry/pypi.go:105.32,107.27 2 1
github.com/veilence/veilence-mx/backend/internal/registry/pypi.go:107.27,108.80 1 1
github.com/veilence/veilence-mx/backend/internal/registry/pypi.go:108.80,110.7 1 1
github.com/veilence/veilence-mx/backend/internal/registry/pypi.go:112.5,118.10 2 1
github.com/veilence/veilence-mx/backend/internal/registry/pypi.go:123.2,123.43 1 1
github.com/veilence/veilence-mx/backend/internal/registry/pypi.go:123.43,125.3 1 0
github.com/veilence/veilence-mx/backend/internal/registry/pypi.go:127.2,132.8 1 1
github.com/veilence/veilence-mx/backend/internal/registry/pypi.go:136.87,138.16 2 3
github.com/veilence/veilence-mx/backend/internal/registry/pypi.go:138.16,140.3 1 0
github.com/veilence/veilence-mx/backend/internal/registry/pypi.go:142.2,143.16 2 3
github.com/veilence/veilence-mx/backend/internal/registry/pypi.go:143.16,145.3 1 0
github.com/veilence/veilence-mx/backend/internal/registry/pypi.go:146.2,148.38 2 3
github.com/veilence/veilence-mx/backend/internal/registry/pypi.go:148.38,150.3 1 1
github.com/veilence/veilence-mx/backend/internal/registry/pypi.go:152.2,153.68 2 2
github.com/veilence/veilence-mx/backend/internal/registry/pypi.go:153.68,155.3 1 0
github.com/veilence/veilence-mx/backend/internal/registry/pypi.go:157.2,158.35 2 2
github.com/veilence/veilence-mx/backend/internal/registry/pypi.go:158.35,159.17 1 7
github.com/veilence/veilence-mx/backend/internal/registry/pypi.go:159.17,160.9 1 1
github.com/veilence/veilence-mx/backend/internal/registry/pypi.go:162.3,162.37 1 6
github.com/veilence/veilence-mx/backend/internal/registry/pypi.go:165.2,166.19 2 2
github.com/veilence/veilence-mx/backend/internal/registry/pypi.go:170.94,172.16 2 2
github.com/veilence/veilence-mx/backend/internal/registry/pypi.go:172.16,174.3 1 0
github.com/veilence/veilence-mx/backend/internal/registry/pypi.go:176.2,177.16 2 2
github.com/veilence/veilence-mx/backend/internal/registry/pypi.go:177.16,179.3 1 0
github.com/veilence/veilence-mx/backend/internal/registry/pypi.go:180.2,182.38 2 2
github.com/veilence/veilence-mx/backend/internal/registry/pypi.go:182.38,184.3 1 1
github.com/veilence/veilence-mx/backend/internal/registry/pypi.go:186.2,187.16 2 1
github.com/veilence/veilence-mx/backend/internal/registry/pypi.go:187.16,189.3 1 0
github.com/veilence/veilence-mx/backend/internal/registry/pypi.go:191.2,193.16 3 1
github.com/veilence/veilence-mx/backend/internal/registry/pypi.go:193.16,195.3 1 0
github.com/veilence/veilence-mx/backend/internal/registry/pypi.go:196.2,198.49 2 1
github.com/veilence/veilence-mx/backend/internal/registry/pypi.go:198.49,200.3 1 0
github.com/veilence/veilence-mx/backend/internal/registry/pypi.go:202.2,202.21 1 1
github.com/veilence/veilence-mx/backend/internal/queue/queue.go:72.38,74.16 2 4
github.com/veilence/veilence-mx/backend/internal/queue/queue.go:74.16,76.3 1 1
github.com/veilence/veilence-mx/backend/internal/queue/queue.go:78.2,83.44 4 3
github.com/veilence/veilence-mx/backend/internal/queue/queue.go:83.44,85.3 1 0
github.com/veilence/veilence-mx/backend/internal/queue/queue.go:87.2,88.22 2 3
github.com/veilence/veilence-mx/backend/internal/queue/queue.go:88.22,90.3 1 2
github.com/veilence/veilence-mx/backend/internal/queue/queue.go:92.2,93.22 2 3
github.com/veilence/veilence-mx/backend/internal/queue/queue.go:93.22,95.3 1 2
github.com/veilence/veilence-mx/backend/internal/queue/queue.go:97.2,101.8 1 3
github.com/veilence/veilence-mx/backend/internal/queue/queue.go:104.31,106.2 1 4
github.com/veilence/veilence-mx/backend/internal/queue/queue.go:109.49,111.2 1 1
github.com/veilence/veilence-mx/backend/internal/queue/queue.go:113.96,115.16 2 59
github.com/veilence/veilence-mx/backend/internal/queue/queue.go:115.16,117.3 1 0
github.com/veilence/veilence-mx/backend/internal/queue/queue.go:119.2,133.16 4 59
github.com/veilence/veilence-mx/backend/internal/queue/queue.go:133.16,135.3 1 0
github.com/veilence/veilence-mx/backend/internal/queue/queue.go:137.2,141.42 5 59
github.com/veilence/veilence-mx/backend/internal/queue/queue.go:141.42,143.3 1 0
github.com/veilence/veilence-mx/backend/internal/queue/queue.go:145.2,145.20 1 59
github.com/veilence/veilence-mx/backend/internal/queue/queue.go:148.76,150.31 2 67
github.com/veilence/veilence-mx/backend/internal/queue/queue.go:150.31,152.3 1 14
github.com/veilence/veilence-mx/backend/internal/queue/queue.go:153.2,153.16 1 53
github.com/veilence/veilence-mx/backend/internal/queue/queue.go:153.16,155.3 1 2
github.com/veilence/veilence-mx/backend/internal/queue/queue.go:157.2,160.16 3 51
github.com/veilence/veilence-mx/backend/internal/queue/queue.go:160.16,162.3 1 0
github.com/veilence/veilence-mx/backend/internal/queue/queue.go:164.2,169.44 5 51
github.com/veilence/veilence-mx/backend/internal/queue/queue.go:169.44,171.3 1 0
github.com/veilence/veilence-mx/backend/internal/queue/queue.go:173.2,178.17 2 51
github.com/veilence/veilence-mx/backend/internal/queue/queue.go:181.63,192.2 9 17
github.com/veilence/veilence-mx/backend/internal/queue/queue.go:194.73,200.37 4 23
github.com/veilence/veilence-mx/backend/internal/queue/queue.go:200.37,202.45 2 19
github.com/veilence/veilence-mx/backend/internal/queue/queue.go:202.45,204.4 1 0
github.com/veilence/veilence-mx/backend/internal/queue/queue.go:206.3,221.13 6 19
github.com/veilence/veilence-mx/backend/internal/queue/queue.go:224.2,228.44 4 4
github.com/veilence/veilence-mx/backend/internal/queue/queue.go:228.44,230.3 1 0
github.com/veilence/veilence-mx/backend/internal/queue/queue.go:232.2,244.12 3 4
github.com/veilence/veilence-mx/backend/internal/queue/queue.go:247.84,254.16 3 4
github.com/veilence/veilence-mx/backend/internal/queue/queue.go:254.16,256.3 1 0
github.com/veilence/veilence-mx/backend/internal/queue/queue.go:258.2,259.33 2 4
github.com/veilence/veilence-mx/backend/internal/queue/queue.go:259.33,261.17 2 5
github.com/veilence/veilence-mx/backend/internal/queue/queue.go:261.17,263.12 2 0
github.com/veilence/veilence-mx/backend/internal/queue/queue.go:266.3,268.38 2 5
github.com/veilence/veilence-mx/backend/internal/queue/queue.go:268.38,278.4 6 1
github.com/veilence/veilence-mx/backend/internal/queue/queue.go:278.9,285.4 6 4
github.com/veilence/veilence-mx/backend/internal/queue/queue.go:288.2,288.23 1 4
github.com/veilence/veilence-mx/backend/internal/queue/queue.go:291.86,293.16 2 7
github.com/veilence/veilence-mx/backend/internal/queue/queue.go:293.16,295.3 1 1
github.com/veilence/veilence-mx/backend/internal/queue/queue.go:297.2,297.30 1 6
github.com/veilence/veilence-mx/backend/internal/queue/queue.go:297.30,299.3 1 1
github.com/veilence/veilence-mx/backend/internal/queue/queue.go:301.2,307.44 6 5
github.com/veilence/veilence-mx/backend/internal/queue/queue.go:307.44,309.3 1 0
github.com/veilence/veilence-mx/backend/internal/queue/queue.go:311.2,315.12 5 5
github.com/veilence/veilence-mx/backend/internal/queue/queue.go:318.82,320.16 2 1
github.com/veilence/veilence-mx/backend/internal/queue/queue.go:320.16,322.3 1 0
github.com/veilence/veilence-mx/backend/internal/queue/queue.go:324.2,325.32 2 1
github.com/veilence/veilence-mx/backend/internal/queue/queue.go:325.32,326.60 1 3
github.com/veilence/veilence-mx/backend/internal/queue/queue.go:326.60,328.12 2 0
github.com/veilence/veilence-mx/backend/internal/queue/queue.go:330.3,330.10 1 3
github.com/veilence/veilence-mx/backend/internal/queue/queue.go:332.2,332.19 1 1
github.com/veilence/veilence-mx/backend/internal/queue/queue.go:335.81,337.16 2 8
github.com/veilence/veilence-mx/backend/internal/queue/queue.go:337.16,339.3 1 0
github.com/veilence/veilence-mx/backend/internal/queue/queue.go:341.2,342.16 2 8
github.com/veilence/veilence-mx/backend/internal/queue/queue.go:342.16,344.3 1 0
github.com/veilence/veilence-mx/backend/internal/queue/queue.go:346.2,347.16 2 8
github.com/veilence/veilence-mx/backend/internal/queue/queue.go:347.16,349.3 1 0
github.com/veilence/veilence-mx/backend/internal/queue/queue.go:351.2,360.8 3 8
github.com/veilence/veilence-mx/backend/internal/queue/queue.go:363.89,364.16 1 3
github.com/veilence/veilence-mx/backend/internal/queue/queue.go:364.16,366.3 1 1
github.com/veilence/veilence-mx/backend/internal/queue/queue.go:367.2,368.16 2 3
github.com/veilence/veilence-mx/backend/internal/queue/queue.go:368.16,370.3 1 0
github.com/veilence/veilence-mx/backend/internal/queue/queue.go:372.2,373.29 2 3
github.com/veilence/veilence-mx/backend/internal/queue/queue.go:373.29,375.17 2 5
github.com/veilence/veilence-mx/backend/internal/queue/queue.go:375.17,376.12 1 0
github.com/veilence/veilence-mx/backend/internal/queue/queue.go:378.3,378.28 1 5
github.com/veilence/veilence-mx/backend/internal/queue/queue.go:380.2,380.18 1 3
github.com/veilence/veilence-mx/backend/internal/queue/queue.go:383.74,385.16 2 82
github.com/veilence/veilence-mx/backend/internal/queue/queue.go:385.16,387.3 1 1
github.com/veilence/veilence-mx/backend/internal/queue/queue.go:389.2,390.51 2 81
github.com/veilence/veilence-mx/backend/internal/queue/queue.go:390.51,392.3 1 0
github.com/veilence/veilence-mx/backend/internal/queue/queue.go:393.2,393.18 1 81
github.com/veilence/veilence-mx/backend/internal/queue/queue.go:396.62,398.16 2 84
github.com/veilence/veilence-mx/backend/internal/queue/queue.go:398.16,400.3 1 0
github.com/veilence/veilence-mx/backend/internal/queue/queue.go:402.2,403.35 2 84
github.com/veilence/veilence-mx/backend/internal/queue/queue.go:403.35,405.3 1 0
github.com/veilence/veilence-mx/backend/internal/queue/queue.go:406.2,406.30 1 84
github.com/veilence/veilence-mx/backend/internal/queue/queue.go:406.30,408.3 1 20
github.com/veilence/veilence-mx/backend/internal/queue/queue.go:410.2,410.56 1 84
github.com/veilence/veilence-mx/backend/internal/queue/worker.go:28.89,29.27 1 10
github.com/veilence/veilence-mx/backend/internal/queue/worker.go:29.27,31.3 1 1
github.com/veilence/veilence-mx/backend/internal/queue/worker.go:32.2,32.26 1 10
github.com/veilence/veilence-mx/backend/internal/queue/worker.go:32.26,34.3 1 1
github.com/veilence/veilence-mx/backend/internal/queue/worker.go:35.2,41.3 1 10
github.com/veilence/veilence-mx/backend/internal/queue/worker.go:45.45,54.6 5 8
github.com/veilence/veilence-mx/backend/internal/queue/worker.go:54.6,55.10 1 44
github.com/veilence/veilence-mx/backend/internal/queue/worker.go:56.21,58.10 2 8
github.com/veilence/veilence-mx/backend/internal/queue/worker.go:59.19,61.11 1 36
github.com/veilence/veilence-mx/backend/internal/queue/worker.go:62.27,62.27 0 24
github.com/veilence/veilence-mx/backend/internal/queue/worker.go:63.12,64.13 1 12
github.com/veilence/veilence-mx/backend/internal/queue/worker.go:67.4,68.18 2 24
github.com/veilence/veilence-mx/backend/internal/queue/worker.go:68.18,71.13 3 2
github.com/veilence/veilence-mx/backend/internal/queue/worker.go:74.4,74.18 1 22
github.com/veilence/veilence-mx/backend/internal/queue/worker.go:74.18,76.13 2 11
github.com/veilence/veilence-mx/backend/internal/queue/worker.go:80.4,80.41 1 11
github.com/veilence/veilence-mx/backend/internal/queue/worker.go:80.41,87.13 6 0
github.com/veilence/veilence-mx/backend/internal/queue/worker.go:90.4,90.20 1 11
github.com/veilence/veilence-mx/backend/internal/queue/worker.go:90.20,91.18 1 11
github.com/veilence/veilence-mx/backend/internal/queue/worker.go:91.18,91.27 1 11
github.com/veilence/veilence-mx/backend/internal/queue/worker.go:92.5,92.25 1 11
github.com/veilence/veilence-mx/backend/internal/queue/worker.go:98.60,107.16 3 11
github.com/veilence/veilence-mx/backend/internal/queue/worker.go:107.16,115.61 2 1
github.com/veilence/veilence-mx/backend/internal/queue/worker.go:115.61,117.4 1 0
github.com/veilence/veilence-mx/backend/internal/queue/worker.go:118.3,118.9 1 1
github.com/veilence/veilence-mx/backend/internal/queue/worker.go:121.2,121.51 1 10
github.com/veilence/veilence-mx/backend/internal/queue/worker.go:121.51,123.3 1 0
github.com/veilence/veilence-mx/backend/internal/queue/worker.go:125.2,129.3 1 10
github.com/veilence/veilence-mx/backend/internal/repository/alert_repo.go:20.43,22.2 1 7
github.com/veilence/veilence-mx/backend/internal/repository/alert_repo.go:24.83,26.66 2 3
github.com/veilence/veilence-mx/backend/internal/repository/alert_repo.go:26.66,27.45 1 1
github.com/veilence/veilence-mx/backend/internal/repository/alert_repo.go:27.45,29.4 1 1
github.com/veilence/veilence-mx/backend/internal/repository/alert_repo.go:30.3,30.51 1 0
github.com/veilence/veilence-mx/backend/internal/repository/alert_repo.go:32.2,32.31 1 2
github.com/veilence/veilence-mx/backend/internal/repository/alert_repo.go:35.162,39.29 3 3
github.com/veilence/veilence-mx/backend/internal/repository/alert_repo.go:39.29,41.3 1 1
github.com/veilence/veilence-mx/backend/internal/repository/alert_repo.go:42.2,42.27 1 3
github.com/veilence/veilence-mx/backend/internal/repository/alert_repo.go:42.27,44.3 1 1
github.com/veilence/veilence-mx/backend/internal/repository/alert_repo.go:46.2,46.50 1 3
github.com/veilence/veilence-mx/backend/internal/repository/alert_repo.go:46.50,48.3 1 0
github.com/veilence/veilence-mx/backend/internal/repository/alert_repo.go:50.2,56.16 3 3
github.com/veilence/veilence-mx/backend/internal/repository/alert_repo.go:56.16,58.3 1 0
github.com/veilence/veilence-mx/backend/internal/repository/alert_repo.go:60.2,61.20 2 3
github.com/veilence/veilence-mx/backend/internal/repository/alert_repo.go:61.20,63.3 1 6
github.com/veilence/veilence-mx/backend/internal/repository/alert_repo.go:64.2,64.27 1 3
github.com/veilence/veilence-mx/backend/internal/repository/alert_repo.go:67.76,69.62 2 12
github.com/veilence/veilence-mx/backend/internal/repository/alert_repo.go:69.62,71.3 1 0
github.com/veilence/veilence-mx/backend/internal/repository/alert_repo.go:72.2,75.12 4 12
github.com/veilence/veilence-mx/backend/internal/repository/alert_repo.go:78.76,80.60 2 1
github.com/veilence/veilence-mx/backend/internal/repository/alert_repo.go:80.60,82.3 1 0
github.com/veilence/veilence-mx/backend/internal/repository/alert_repo.go:83.2,84.12 2 1
github.com/veilence/veilence-mx/backend/internal/repository/alert_repo.go:87.112,99.16 4 2
github.com/veilence/veilence-mx/backend/internal/repository/alert_repo.go:99.16,101.3 1 0
github.com/veilence/veilence-mx/backend/internal/repository/alert_repo.go:103.2,104.28 2 2
github.com/veilence/veilence-mx/backend/internal/repository/alert_repo.go:104.28,106.3 1 3
github.com/veilence/veilence-mx/backend/internal/repository/alert_repo.go:107.2,107.20 1 2
github.com/veilence/veilence-mx/backend/internal/repository/alert_repo.go:112.51,124.2 1 8
github.com/veilence/veilence-mx/backend/internal/repository/alert_repo.go:126.50,138.2 1 13
github.com/veilence/veilence-mx/backend/internal/repository/analysis_repo.go:20.49,22.2 1 6
github.com/veilence/veilence-mx/backend/internal/repository/analysis_repo.go:24.89,26.66 2 2
github.com/veilence/veilence-mx/backend/internal/repository/analysis_repo.go:26.66,27.45 1 1
github.com/veilence/veilence-mx/backend/internal/repository/analysis_repo.go:27.45,29.4 1 1
github.com/veilence/veilence-mx/backend/internal/repository/analysis_repo.go:30.3,30.54 1 0
github.com/veilence/veilence-mx/backend/internal/repository/analysis_repo.go:32.2,32.34 1 1
github.com/veilence/veilence-mx/backend/internal/repository/analysis_repo.go:35.98,37.91 2 2
github.com/veilence/veilence-mx/backend/internal/repository/analysis_repo.go:37.91,39.3 1 0
github.com/veilence/veilence-mx/backend/internal/repository/analysis_repo.go:40.2,41.20 2 2
github.com/veilence/veilence-mx/backend/internal/repository/analysis_repo.go:41.20,43.3 1 2
github.com/veilence/veilence-mx/backend/internal/repository/analysis_repo.go:44.2,44.20 1 2
github.com/veilence/veilence-mx/backend/internal/repository/analysis_repo.go:47.85,49.62 2 6
github.com/veilence/veilence-mx/backend/internal/repository/analysis_repo.go:49.62,51.3 1 0
github.com/veilence/veilence-mx/backend/internal/repository/analysis_repo.go:52.2,54.12 3 6
github.com/veilence/veilence-mx/backend/internal/repository/analysis_repo.go:57.87,59.121 2 2
github.com/veilence/veilence-mx/backend/internal/repository/analysis_repo.go:59.121,61.3 1 0
github.com/veilence/veilence-mx/backend/internal/repository/analysis_repo.go:62.2,62.19 1 2
github.com/veilence/veilence-mx/backend/internal/repository/analysis_repo.go:67.60,79.2 1 3
github.com/veilence/veilence-mx/backend/internal/repository/analysis_repo.go:81.59,93.2 1 6
github.com/veilence/veilence-mx/backend/internal/repository/api_key_repo.go:20.45,22.2 1 9
github.com/veilence/veilence-mx/backend/internal/repository/api_key_repo.go:24.85,26.66 2 5
github.com/veilence/veilence-mx/backend/internal/repository/api_key_repo.go:26.66,27.45 1 1
github.com/veilence/veilence-mx/backend/internal/repository/api_key_repo.go:27.45,29.4 1 1
github.com/veilence/veilence-mx/backend/internal/repository/api_key_repo.go:30.3,30.53 1 0
github.com/veilence/veilence-mx/backend/internal/repository/api_key_repo.go:32.2,32.32 1 4
github.com/veilence/veilence-mx/backend/internal/repository/api_key_repo.go:35.102,37.118 2 2
github.com/veilence/veilence-mx/backend/internal/repository/api_key_repo.go:37.118,39.3 1 0
github.com/veilence/veilence-mx/backend/internal/repository/api_key_repo.go:40.2,41.20 2 2
github.com/veilence/veilence-mx/backend/internal/repository/api_key_repo.go:41.20,43.3 1 2
github.com/veilence/veilence-mx/backend/internal/repository/api_key_repo.go:44.2,44.20 1 2
github.com/veilence/veilence-mx/backend/internal/repository/api_key_repo.go:47.94,49.91 2 2
github.com/veilence/veilence-mx/backend/internal/repository/api_key_repo.go:49.91,51.3 1 0
github.com/veilence/veilence-mx/backend/internal/repository/api_key_repo.go:52.2,53.20 2 2
github.com/veilence/veilence-mx/backend/internal/repository/api_key_repo.go:53.20,55.3 1 2
github.com/veilence/veilence-mx/backend/internal/repository/api_key_repo.go:56.2,56.20 1 2
github.com/veilence/veilence-mx/backend/internal/repository/api_key_repo.go:59.76,61.62 2 1
github.com/veilence/veilence-mx/backend/internal/repository/api_key_repo.go:61.62,63.3 1 0
github.com/veilence/veilence-mx/backend/internal/repository/api_key_repo.go:64.2,66.12 3 1
github.com/veilence/veilence-mx/backend/internal/repository/api_key_repo.go:69.76,71.60 2 1
github.com/veilence/veilence-mx/backend/internal/repository/api_key_repo.go:71.60,73.3 1 0
github.com/veilence/veilence-mx/backend/internal/repository/api_key_repo.go:74.2,74.12 1 1
github.com/veilence/veilence-mx/backend/internal/repository/api_key_repo.go:77.80,79.25 2 2
github.com/veilence/veilence-mx/backend/internal/repository/api_key_repo.go:79.25,81.3 1 0
github.com/veilence/veilence-mx/backend/internal/repository/api_key_repo.go:82.2,82.30 1 2
github.com/veilence/veilence-mx/backend/internal/repository/api_key_repo.go:82.30,84.3 1 1
github.com/veilence/veilence-mx/backend/internal/repository/api_key_repo.go:85.2,85.12 1 1
github.com/veilence/veilence-mx/backend/internal/repository/api_key_repo.go:90.54,103.2 1 8
github.com/veilence/veilence-mx/backend/internal/repository/api_key_repo.go:105.53,118.2 1 2
github.com/veilence/veilence-mx/backend/internal/repository/audit_log_repo.go:20.49,22.2 1 5
github.com/veilence/veilence-mx/backend/internal/repository/audit_log_repo.go:24.82,26.62 2 1
github.com/veilence/veilence-mx/backend/internal/repository/audit_log_repo.go:26.62,28.3 1 0
github.com/veilence/veilence-mx/backend/internal/repository/audit_log_repo.go:29.2,31.12 3 1
github.com/veilence/veilence-mx/backend/internal/repository/audit_log_repo.go:34.152,37.26 2 4
github.com/veilence/veilence-mx/backend/internal/repository/audit_log_repo.go:37.26,39.3 1 1
github.com/veilence/veilence-mx/backend/internal/repository/audit_log_repo.go:40.2,40.28 1 4
github.com/veilence/veilence-mx/backend/internal/repository/audit_log_repo.go:40.28,42.3 1 1
github.com/veilence/veilence-mx/backend/internal/repository/audit_log_repo.go:43.2,43.25 1 4
github.com/veilence/veilence-mx/backend/internal/repository/audit_log_repo.go:43.25,45.3 1 1
github.com/veilence/veilence-mx/backend/internal/repository/audit_log_repo.go:46.2,46.29 1 4
github.com/veilence/veilence-mx/backend/internal/repository/audit_log_repo.go:46.29,48.3 1 0
github.com/veilence/veilence-mx/backend/internal/repository/audit_log_repo.go:49.2,49.27 1 4
github.com/veilence/veilence-mx/backend/internal/repository/audit_log_repo.go:49.27,51.3 1 0
github.com/veilence/veilence-mx/backend/internal/repository/audit_log_repo.go:53.2,54.50 2 4
github.com/veilence/veilence-mx/backend/internal/repository/audit_log_repo.go:54.50,56.3 1 0
github.com/veilence/veilence-mx/backend/internal/repository/audit_log_repo.go:58.2,64.16 3 4
github.com/veilence/veilence-mx/backend/internal/repository/audit_log_repo.go:64.16,66.3 1 0
github.com/veilence/veilence-mx/backend/internal/repository/audit_log_repo.go:68.2,69.20 2 4
github.com/veilence/veilence-mx/backend/internal/repository/audit_log_repo.go:69.20,71.3 1 6
github.com/veilence/veilence-mx/backend/internal/repository/audit_log_repo.go:72.2,72.27 1 4
github.com/veilence/veilence-mx/backend/internal/repository/audit_log_repo.go:75.89,77.66 2 3
github.com/veilence/veilence-mx/backend/internal/repository/audit_log_repo.go:77.66,78.45 1 1
github.com/veilence/veilence-mx/backend/internal/repository/audit_log_repo.go:78.45,80.4 1 1
github.com/veilence/veilence-mx/backend/internal/repository/audit_log_repo.go:81.3,81.55 1 0
github.com/veilence/veilence-mx/backend/internal/repository/audit_log_repo.go:83.2,83.34 1 2
github.com/veilence/veilence-mx/backend/internal/repository/audit_log_repo.go:88.60,102.2 1 8
github.com/veilence/veilence-mx/backend/internal/repository/audit_log_repo.go:104.59,118.2 1 1
github.com/veilence/veilence-mx/backend/internal/repository/dashboard_repo.go:20.51,22.2 1 10
github.com/veilence/veilence-mx/backend/internal/repository/dashboard_repo.go:24.99,29.49 2 2
github.com/veilence/veilence-mx/backend/internal/repository/dashboard_repo.go:29.49,31.3 1 0
github.com/veilence/veilence-mx/backend/internal/repository/dashboard_repo.go:33.2,36.49 1 2
github.com/veilence/veilence-mx/backend/internal/repository/dashboard_repo.go:36.49,38.3 1 0
github.com/veilence/veilence-mx/backend/internal/repository/dashboard_repo.go:40.2,43.51 1 2
github.com/veilence/veilence-mx/backend/internal/repository/dashboard_repo.go:43.51,45.3 1 0
github.com/veilence/veilence-mx/backend/internal/repository/dashboard_repo.go:47.2,49.48 1 2
github.com/veilence/veilence-mx/backend/internal/repository/dashboard_repo.go:49.48,51.3 1 0
github.com/veilence/veilence-mx/backend/internal/repository/dashboard_repo.go:53.2,58.51 1 2
github.com/veilence/veilence-mx/backend/internal/repository/dashboard_repo.go:58.51,60.3 1 0
github.com/veilence/veilence-mx/backend/internal/repository/dashboard_repo.go:62.2,62.20 1 2
github.com/veilence/veilence-mx/backend/internal/repository/dashboard_repo.go:65.136,78.16 3 0
github.com/veilence/veilence-mx/backend/internal/repository/dashboard_repo.go:78.16,80.3 1 0
github.com/veilence/veilence-mx/backend/internal/repository/dashboard_repo.go:82.2,83.27 2 0
github.com/veilence/veilence-mx/backend/internal/repository/dashboard_repo.go:83.27,85.3 1 0
github.com/veilence/veilence-mx/backend/internal/repository/dashboard_repo.go:86.2,86.20 1 0
github.com/veilence/veilence-mx/backend/internal/repository/dashboard_repo.go:89.146,103.16 3 1
github.com/veilence/veilence-mx/backend/internal/repository/dashboard_repo.go:103.16,105.3 1 0
github.com/veilence/veilence-mx/backend/internal/repository/dashboard_repo.go:107.2,108.27 2 1
github.com/veilence/veilence-mx/backend/internal/repository/dashboard_repo.go:108.27,110.3 1 2
github.com/veilence/veilence-mx/backend/internal/repository/dashboard_repo.go:111.2,111.20 1 1
github.com/veilence/veilence-mx/backend/internal/repository/dashboard_repo.go:114.110,121.16 3 1
github.com/veilence/veilence-mx/backend/internal/repository/dashboard_repo.go:121.16,123.3 1 0
github.com/veilence/veilence-mx/backend/internal/repository/dashboard_repo.go:124.2,124.19 1 1
github.com/veilence/veilence-mx/backend/internal/repository/dashboard_repo.go:127.114,138.16 3 2
github.com/veilence/veilence-mx/backend/internal/repository/dashboard_repo.go:138.16,140.3 1 0
github.com/veilence/veilence-mx/backend/internal/repository/dashboard_repo.go:142.2,143.27 2 2
github.com/veilence/veilence-mx/backend/internal/repository/dashboard_repo.go:143.27,145.3 1 2
github.com/veilence/veilence-mx/backend/internal/repository/dashboard_repo.go:146.2,146.20 1 2
github.com/veilence/veilence-mx/backend/internal/repository/dashboard_repo.go:149.135,160.16 3 1
github.com/veilence/veilence-mx/backend/internal/repository/dashboard_repo.go:160.16,162.3 1 0
github.com/veilence/veilence-mx/backend/internal/repository/dashboard_repo.go:164.2,165.27 2 1
github.com/veilence/veilence-mx/backend/internal/repository/dashboard_repo.go:165.27,167.3 1 3
github.com/veilence/veilence-mx/backend/internal/repository/dashboard_repo.go:168.2,168.20 1 1
github.com/veilence/veilence-mx/backend/internal/repository/dashboard_repo.go:171.144,183.16 3 1
github.com/veilence/veilence-mx/backend/internal/repository/dashboard_repo.go:183.16,185.3 1 0
github.com/veilence/veilence-mx/backend/internal/repository/dashboard_repo.go:187.2,188.27 2 1
github.com/veilence/veilence-mx/backend/internal/repository/dashboard_repo.go:188.27,190.3 1 3
github.com/veilence/veilence-mx/backend/internal/repository/dashboard_repo.go:191.2,191.20 1 1
github.com/veilence/veilence-mx/backend/internal/repository/dashboard_repo.go:194.95,203.16 3 2
github.com/veilence/veilence-mx/backend/internal/repository/dashboard_repo.go:203.16,205.3 1 0
github.com/veilence/veilence-mx/backend/internal/repository/dashboard_repo.go:206.2,206.17 1 2
github.com/veilence/veilence-mx/backend/internal/repository/diff_repo.go:20.41,22.2 1 4
github.com/veilence/veilence-mx/backend/internal/repository/diff_repo.go:24.81,26.66 2 2
github.com/veilence/veilence-mx/backend/internal/repository/diff_repo.go:26.66,27.45 1 1
github.com/veilence/veilence-mx/backend/internal/repository/diff_repo.go:27.45,29.4 1 1
github.com/veilence/veilence-mx/backend/internal/repository/diff_repo.go:30.3,30.50 1 0
github.com/veilence/veilence-mx/backend/internal/repository/diff_repo.go:32.2,32.30 1 1
github.com/veilence/veilence-mx/backend/internal/repository/diff_repo.go:35.96,37.97 2 2
github.com/veilence/veilence-mx/backend/internal/repository/diff_repo.go:37.97,39.3 1 0
github.com/veilence/veilence-mx/backend/internal/repository/diff_repo.go:40.2,41.20 2 2
github.com/veilence/veilence-mx/backend/internal/repository/diff_repo.go:41.20,43.3 1 1
github.com/veilence/veilence-mx/backend/internal/repository/diff_repo.go:44.2,44.20 1 2
github.com/veilence/veilence-mx/backend/internal/repository/diff_repo.go:47.73,49.62 2 2
github.com/veilence/veilence-mx/backend/internal/repository/diff_repo.go:49.62,51.3 1 0
github.com/veilence/veilence-mx/backend/internal/repository/diff_repo.go:52.2,54.12 3 2
github.com/veilence/veilence-mx/backend/internal/repository/diff_repo.go:59.48,70.2 1 2
github.com/veilence/veilence-mx/backend/internal/repository/diff_repo.go:72.47,83.2 1 2
github.com/veilence/veilence-mx/backend/internal/repository/email_verification_token_repo.go:20.77,22.2 1 4
github.com/veilence/veilence-mx/backend/internal/repository/email_verification_token_repo.go:24.133,26.97 2 4
github.com/veilence/veilence-mx/backend/internal/repository/email_verification_token_repo.go:26.97,27.45 1 2
github.com/veilence/veilence-mx/backend/internal/repository/email_verification_token_repo.go:27.45,29.4 1 2
github.com/veilence/veilence-mx/backend/internal/repository/email_verification_token_repo.go:30.3,30.70 1 0
github.com/veilence/veilence-mx/backend/internal/repository/email_verification_token_repo.go:32.2,32.48 1 2
github.com/veilence/veilence-mx/backend/internal/repository/email_verification_token_repo.go:35.110,37.62 2 5
github.com/veilence/veilence-mx/backend/internal/repository/email_verification_token_repo.go:37.62,39.3 1 0
github.com/veilence/veilence-mx/backend/internal/repository/email_verification_token_repo.go:40.2,42.12 3 5
github.com/veilence/veilence-mx/backend/internal/repository/email_verification_token_repo.go:45.81,47.25 2 1
github.com/veilence/veilence-mx/backend/internal/repository/email_verification_token_repo.go:47.25,49.3 1 0
github.com/veilence/veilence-mx/backend/internal/repository/email_verification_token_repo.go:50.2,50.12 1 1
github.com/veilence/veilence-mx/backend/internal/repository/email_verification_token_repo.go:53.93,54.122 1 1
github.com/veilence/veilence-mx/backend/internal/repository/email_verification_token_repo.go:54.122,56.3 1 0
github.com/veilence/veilence-mx/backend/internal/repository/email_verification_token_repo.go:57.2,57.12 1 1
github.com/veilence/veilence-mx/backend/internal/repository/email_verification_token_repo.go:60.102,68.2 1 2
github.com/veilence/veilence-mx/backend/internal/repository/email_verification_token_repo.go:70.101,77.2 1 5
github.com/veilence/veilence-mx/backend/internal/repository/invitation_repo.go:20.53,22.2 1 3
github.com/veilence/veilence-mx/backend/internal/repository/invitation_repo.go:24.109,26.97 2 3
github.com/veilence/veilence-mx/backend/internal/repository/invitation_repo.go:26.97,27.45 1 1
github.com/veilence/veilence-mx/backend/internal/repository/invitation_repo.go:27.45,29.4 1 1
github.com/veilence/veilence-mx/backend/internal/repository/invitation_repo.go:30.3,30.56 1 0
github.com/veilence/veilence-mx/backend/internal/repository/invitation_repo.go:32.2,32.36 1 2
github.com/veilence/veilence-mx/backend/internal/repository/invitation_repo.go:35.91,37.62 2 2
github.com/veilence/veilence-mx/backend/internal/repository/invitation_repo.go:37.62,39.3 1 0
github.com/veilence/veilence-mx/backend/internal/repository/invitation_repo.go:40.2,42.12 3 2
github.com/veilence/veilence-mx/backend/internal/repository/invitation_repo.go:45.91,47.60 2 1
github.com/veilence/veilence-mx/backend/internal/repository/invitation_repo.go:47.60,49.3 1 0
github.com/veilence/veilence-mx/backend/internal/repository/invitation_repo.go:50.2,50.12 1 1
github.com/veilence/veilence-mx/backend/internal/repository/invitation_repo.go:55.66,67.2 1 2
github.com/veilence/veilence-mx/backend/internal/repository/invitation_repo.go:69.65,81.2 1 3
github.com/veilence/veilence-mx/backend/internal/repository/notification_channel_repo.go:20.71,22.2 1 7
github.com/veilence/veilence-mx/backend/internal/repository/notification_channel_repo.go:24.111,26.66 2 6
github.com/veilence/veilence-mx/backend/internal/repository/notification_channel_repo.go:26.66,27.45 1 1
github.com/veilence/veilence-mx/backend/internal/repository/notification_channel_repo.go:27.45,29.4 1 1
github.com/veilence/veilence-mx/backend/internal/repository/notification_channel_repo.go:30.3,30.66 1 0
github.com/veilence/veilence-mx/backend/internal/repository/notification_channel_repo.go:32.2,32.38 1 5
github.com/veilence/veilence-mx/backend/internal/repository/notification_channel_repo.go:35.124,37.104 2 3
github.com/veilence/veilence-mx/backend/internal/repository/notification_channel_repo.go:37.104,38.45 1 1
github.com/veilence/veilence-mx/backend/internal/repository/notification_channel_repo.go:38.45,40.4 1 1
github.com/veilence/veilence-mx/backend/internal/repository/notification_channel_repo.go:41.3,41.66 1 0
github.com/veilence/veilence-mx/backend/internal/repository/notification_channel_repo.go:43.2,43.38 1 2
github.com/veilence/veilence-mx/backend/internal/repository/notification_channel_repo.go:46.118,48.89 2 2
github.com/veilence/veilence-mx/backend/internal/repository/notification_channel_repo.go:48.89,50.3 1 0
github.com/veilence/veilence-mx/backend/internal/repository/notification_channel_repo.go:51.2,52.20 2 2
github.com/veilence/veilence-mx/backend/internal/repository/notification_channel_repo.go:52.20,54.3 1 1
github.com/veilence/veilence-mx/backend/internal/repository/notification_channel_repo.go:55.2,55.20 1 2
github.com/veilence/veilence-mx/backend/internal/repository/notification_channel_repo.go:58.106,60.62 2 1
github.com/veilence/veilence-mx/backend/internal/repository/notification_channel_repo.go:60.62,62.3 1 0
github.com/veilence/veilence-mx/backend/internal/repository/notification_channel_repo.go:63.2,66.12 4 1
github.com/veilence/veilence-mx/backend/internal/repository/notification_channel_repo.go:69.106,71.60 2 1
github.com/veilence/veilence-mx/backend/internal/repository/notification_channel_repo.go:71.60,73.3 1 0
github.com/veilence/veilence-mx/backend/internal/repository/notification_channel_repo.go:74.2,75.12 2 1
github.com/veilence/veilence-mx/backend/internal/repository/notification_channel_repo.go:78.104,80.25 2 2
github.com/veilence/veilence-mx/backend/internal/repository/notification_channel_repo.go:80.25,82.3 1 0
github.com/veilence/veilence-mx/backend/internal/repository/notification_channel_repo.go:83.2,83.33 1 2
github.com/veilence/veilence-mx/backend/internal/repository/notification_channel_repo.go:88.86,99.2 1 8
github.com/veilence/veilence-mx/backend/internal/repository/notification_channel_repo.go:101.85,112.2 1 2
github.com/veilence/veilence-mx/backend/internal/repository/notification_repo.go:19.57,21.2 1 6
github.com/veilence/veilence-mx/backend/internal/repository/notification_repo.go:23.97,25.62 2 1
github.com/veilence/veilence-mx/backend/internal/repository/notification_repo.go:25.62,27.3 1 0
github.com/veilence/veilence-mx/backend/internal/repository/notification_repo.go:28.2,30.12 3 1
github.com/veilence/veilence-mx/backend/internal/repository/notification_repo.go:33.134,36.16 2 2
github.com/veilence/veilence-mx/backend/internal/repository/notification_repo.go:36.16,38.3 1 2
github.com/veilence/veilence-mx/backend/internal/repository/notification_repo.go:41.2,43.16 2 2
github.com/veilence/veilence-mx/backend/internal/repository/notification_repo.go:43.16,45.3 1 1
github.com/veilence/veilence-mx/backend/internal/repository/notification_repo.go:47.2,51.16 3 2
github.com/veilence/veilence-mx/backend/internal/repository/notification_repo.go:51.16,53.3 1 0
github.com/veilence/veilence-mx/backend/internal/repository/notification_repo.go:55.2,56.20 2 2
github.com/veilence/veilence-mx/backend/internal/repository/notification_repo.go:56.20,58.3 1 2
github.com/veilence/veilence-mx/backend/internal/repository/notification_repo.go:59.2,59.20 1 2
github.com/veilence/veilence-mx/backend/internal/repository/notification_repo.go:62.90,66.25 2 1
github.com/veilence/veilence-mx/backend/internal/repository/notification_repo.go:66.25,68.3 1 0
github.com/veilence/veilence-mx/backend/internal/repository/notification_repo.go:69.2,69.33 1 1
github.com/veilence/veilence-mx/backend/internal/repository/notification_repo.go:72.96,77.16 2 3
github.com/veilence/veilence-mx/backend/internal/repository/notification_repo.go:77.16,79.3 1 3
github.com/veilence/veilence-mx/backend/internal/repository/notification_repo.go:81.2,82.50 2 3
github.com/veilence/veilence-mx/backend/internal/repository/notification_repo.go:82.50,84.3 1 0
github.com/veilence/veilence-mx/backend/internal/repository/notification_repo.go:85.2,85.19 1 3
github.com/veilence/veilence-mx/backend/internal/repository/notification_repo.go:88.96,93.16 2 1
github.com/veilence/veilence-mx/backend/internal/repository/notification_repo.go:93.16,95.3 1 1
github.com/veilence/veilence-mx/backend/internal/repository/notification_repo.go:97.2,98.25 2 1
github.com/veilence/veilence-mx/backend/internal/repository/notification_repo.go:98.25,100.3 1 0
github.com/veilence/veilence-mx/backend/internal/repository/notification_repo.go:101.2,101.33 1 1
github.com/veilence/veilence-mx/backend/internal/repository/notification_repo.go:106.65,118.2 1 2
github.com/veilence/veilence-mx/backend/internal/repository/notification_repo.go:120.64,132.2 1 1
github.com/veilence/veilence-mx/backend/internal/repository/notification_rule_repo.go:19.65,21.2 1 4
github.com/veilence/veilence-mx/backend/internal/repository/notification_rule_repo.go:23.112,25.89 2 3
github.com/veilence/veilence-mx/backend/internal/repository/notification_rule_repo.go:25.89,27.3 1 0
github.com/veilence/veilence-mx/backend/internal/repository/notification_rule_repo.go:28.2,29.20 2 3
github.com/veilence/veilence-mx/backend/internal/repository/notification_rule_repo.go:29.20,31.3 1 3
github.com/veilence/veilence-mx/backend/internal/repository/notification_rule_repo.go:32.2,32.20 1 3
github.com/veilence/veilence-mx/backend/internal/repository/notification_rule_repo.go:35.118,37.113 2 2
github.com/veilence/veilence-mx/backend/internal/repository/notification_rule_repo.go:37.113,39.3 1 0
github.com/veilence/veilence-mx/backend/internal/repository/notification_rule_repo.go:40.2,41.20 2 2
github.com/veilence/veilence-mx/backend/internal/repository/notification_rule_repo.go:41.20,43.3 1 2
github.com/veilence/veilence-mx/backend/internal/repository/notification_rule_repo.go:44.2,44.20 1 2
github.com/veilence/veilence-mx/backend/internal/repository/notification_rule_repo.go:47.97,49.62 2 1
github.com/veilence/veilence-mx/backend/internal/repository/notification_rule_repo.go:49.62,51.3 1 0
github.com/veilence/veilence-mx/backend/internal/repository/notification_rule_repo.go:52.2,55.12 4 1
github.com/veilence/veilence-mx/backend/internal/repository/notification_rule_repo.go:58.101,60.25 2 2
github.com/veilence/veilence-mx/backend/internal/repository/notification_rule_repo.go:60.25,62.3 1 0
github.com/veilence/veilence-mx/backend/internal/repository/notification_rule_repo.go:63.2,63.33 1 2
github.com/veilence/veilence-mx/backend/internal/repository/notification_rule_repo.go:68.77,78.2 1 5
github.com/veilence/veilence-mx/backend/internal/repository/notification_rule_repo.go:80.76,90.2 1 1
github.com/veilence/veilence-mx/backend/internal/repository/org_member_repo.go:20.51,22.2 1 7
github.com/veilence/veilence-mx/backend/internal/repository/org_member_repo.go:24.98,30.16 3 1
github.com/veilence/veilence-mx/backend/internal/repository/org_member_repo.go:30.16,32.3 1 0
github.com/veilence/veilence-mx/backend/internal/repository/org_member_repo.go:33.2,34.20 2 1
github.com/veilence/veilence-mx/backend/internal/repository/org_member_repo.go:34.20,36.3 1 3
github.com/veilence/veilence-mx/backend/internal/repository/org_member_repo.go:37.2,37.20 1 1
github.com/veilence/veilence-mx/backend/internal/repository/org_member_repo.go:40.110,46.16 3 4
github.com/veilence/veilence-mx/backend/internal/repository/org_member_repo.go:46.16,47.45 1 2
github.com/veilence/veilence-mx/backend/internal/repository/org_member_repo.go:47.45,49.4 1 2
github.com/veilence/veilence-mx/backend/internal/repository/org_member_repo.go:50.3,50.52 1 0
github.com/veilence/veilence-mx/backend/internal/repository/org_member_repo.go:52.2,52.35 1 2
github.com/veilence/veilence-mx/backend/internal/repository/org_member_repo.go:55.99,61.16 3 2
github.com/veilence/veilence-mx/backend/internal/repository/org_member_repo.go:61.16,63.3 1 0
github.com/veilence/veilence-mx/backend/internal/repository/org_member_repo.go:64.2,64.19 1 2
github.com/veilence/veilence-mx/backend/internal/repository/org_member_repo.go:67.85,69.62 2 7
github.com/veilence/veilence-mx/backend/internal/repository/org_member_repo.go:69.62,71.3 1 0
github.com/veilence/veilence-mx/backend/internal/repository/org_member_repo.go:72.2,75.12 4 7
github.com/veilence/veilence-mx/backend/internal/repository/org_member_repo.go:78.85,80.60 2 1
github.com/veilence/veilence-mx/backend/internal/repository/org_member_repo.go:80.60,82.3 1 0
github.com/veilence/veilence-mx/backend/internal/repository/org_member_repo.go:84.2,87.12 4 1
github.com/veilence/veilence-mx/backend/internal/repository/org_member_repo.go:90.91,92.25 2 2
github.com/veilence/veilence-mx/backend/internal/repository/org_member_repo.go:92.25,94.3 1 0
github.com/veilence/veilence-mx/backend/internal/repository/org_member_repo.go:95.2,95.30 1 2
github.com/veilence/veilence-mx/backend/internal/repository/org_member_repo.go:95.30,97.3 1 1
github.com/veilence/veilence-mx/backend/internal/repository/org_member_repo.go:98.2,98.12 1 1
github.com/veilence/veilence-mx/backend/internal/repository/org_member_repo.go:103.63,113.20 2 6
github.com/veilence/veilence-mx/backend/internal/repository/org_member_repo.go:113.20,116.3 2 6
github.com/veilence/veilence-mx/backend/internal/repository/org_member_repo.go:117.2,117.10 1 6
github.com/veilence/veilence-mx/backend/internal/repository/org_member_repo.go:120.62,130.2 1 8
github.com/veilence/veilence-mx/backend/internal/repository/organization_repo.go:20.57,22.2 1 10
github.com/veilence/veilence-mx/backend/internal/repository/organization_repo.go:24.97,26.66 2 4
github.com/veilence/veilence-mx/backend/internal/repository/organization_repo.go:26.66,27.45 1 2
github.com/veilence/veilence-mx/backend/internal/repository/organization_repo.go:27.45,29.4 1 2
github.com/veilence/veilence-mx/backend/internal/repository/organization_repo.go:30.3,30.58 1 0
github.com/veilence/veilence-mx/backend/internal/repository/organization_repo.go:32.2,32.29 1 2
github.com/veilence/veilence-mx/backend/internal/repository/organization_repo.go:35.103,37.86 2 2
github.com/veilence/veilence-mx/backend/internal/repository/organization_repo.go:37.86,38.45 1 1
github.com/veilence/veilence-mx/backend/internal/repository/organization_repo.go:38.45,40.4 1 1
github.com/veilence/veilence-mx/backend/internal/repository/organization_repo.go:41.3,41.66 1 0
github.com/veilence/veilence-mx/backend/internal/repository/organization_repo.go:43.2,43.29 1 1
github.com/veilence/veilence-mx/backend/internal/repository/organization_repo.go:46.106,48.22 2 2
github.com/veilence/veilence-mx/backend/internal/repository/organization_repo.go:48.22,50.3 1 1
github.com/veilence/veilence-mx/backend/internal/repository/organization_repo.go:51.2,52.50 2 2
github.com/veilence/veilence-mx/backend/internal/repository/organization_repo.go:52.50,54.3 1 0
github.com/veilence/veilence-mx/backend/internal/repository/organization_repo.go:55.2,55.19 1 2
github.com/veilence/veilence-mx/backend/internal/repository/organization_repo.go:58.88,60.62 2 7
github.com/veilence/veilence-mx/backend/internal/repository/organization_repo.go:60.62,62.3 1 0
github.com/veilence/veilence-mx/backend/internal/repository/organization_repo.go:63.2,66.12 4 7
github.com/veilence/veilence-mx/backend/internal/repository/organization_repo.go:69.88,71.60 2 1
github.com/veilence/veilence-mx/backend/internal/repository/organization_repo.go:71.60,73.3 1 0
github.com/veilence/veilence-mx/backend/internal/repository/organization_repo.go:74.2,75.12 2 1
github.com/veilence/veilence-mx/backend/internal/repository/organization_repo.go:78.75,80.25 2 2
github.com/veilence/veilence-mx/backend/internal/repository/organization_repo.go:80.25,82.3 1 0
github.com/veilence/veilence-mx/backend/internal/repository/organization_repo.go:83.2,83.30 1 2
github.com/veilence/veilence-mx/backend/internal/repository/organization_repo.go:83.30,85.3 1 1
github.com/veilence/veilence-mx/backend/internal/repository/organization_repo.go:86.2,86.12 1 1
github.com/veilence/veilence-mx/backend/internal/repository/organization_repo.go:89.106,95.16 3 2
github.com/veilence/veilence-mx/backend/internal/repository/organization_repo.go:95.16,97.3 1 0
github.com/veilence/veilence-mx/backend/internal/repository/organization_repo.go:98.2,99.20 2 2
github.com/veilence/veilence-mx/backend/internal/repository/organization_repo.go:99.20,101.3 1 2
github.com/veilence/veilence-mx/backend/internal/repository/organization_repo.go:102.2,102.20 1 2
github.com/veilence/veilence-mx/backend/internal/repository/organization_repo.go:107.63,118.2 1 5
github.com/veilence/veilence-mx/backend/internal/repository/organization_repo.go:120.62,131.2 1 8
github.com/veilence/veilence-mx/backend/internal/repository/package_repo.go:20.47,22.2 1 12
github.com/veilence/veilence-mx/backend/internal/repository/package_repo.go:24.87,26.66 2 4
github.com/veilence/veilence-mx/backend/internal/repository/package_repo.go:26.66,27.45 1 1
github.com/veilence/veilence-mx/backend/internal/repository/package_repo.go:27.45,29.4 1 1
github.com/veilence/veilence-mx/backend/internal/repository/package_repo.go:30.3,30.53 1 0
github.com/veilence/veilence-mx/backend/internal/repository/package_repo.go:32.2,32.33 1 3
github.com/veilence/veilence-mx/backend/internal/repository/package_repo.go:35.137,39.50 3 2
github.com/veilence/veilence-mx/backend/internal/repository/package_repo.go:39.50,41.3 1 0
github.com/veilence/veilence-mx/backend/internal/repository/package_repo.go:43.2,49.16 3 2
github.com/veilence/veilence-mx/backend/internal/repository/package_repo.go:49.16,51.3 1 0
github.com/veilence/veilence-mx/backend/internal/repository/package_repo.go:53.2,54.20 2 2
github.com/veilence/veilence-mx/backend/internal/repository/package_repo.go:54.20,56.3 1 2
github.com/veilence/veilence-mx/backend/internal/repository/package_repo.go:57.2,57.27 1 2
github.com/veilence/veilence-mx/backend/internal/repository/package_repo.go:60.137,65.16 3 2
github.com/veilence/veilence-mx/backend/internal/repository/package_repo.go:65.16,66.45 1 1
github.com/veilence/veilence-mx/backend/internal/repository/package_repo.go:66.45,68.4 1 1
github.com/veilence/veilence-mx/backend/internal/repository/package_repo.go:69.3,69.61 1 0
github.com/veilence/veilence-mx/backend/internal/repository/package_repo.go:71.2,71.33 1 1
github.com/veilence/veilence-mx/backend/internal/repository/package_repo.go:74.78,76.62 2 2
github.com/veilence/veilence-mx/backend/internal/repository/package_repo.go:76.62,78.3 1 0
github.com/veilence/veilence-mx/backend/internal/repository/package_repo.go:79.2,82.12 4 2
github.com/veilence/veilence-mx/backend/internal/repository/package_repo.go:85.78,87.60 2 1
github.com/veilence/veilence-mx/backend/internal/repository/package_repo.go:87.60,89.3 1 0
github.com/veilence/veilence-mx/backend/internal/repository/package_repo.go:90.2,91.12 2 1
github.com/veilence/veilence-mx/backend/internal/repository/package_repo.go:94.77,96.25 2 3
github.com/veilence/veilence-mx/backend/internal/repository/package_repo.go:96.25,98.3 1 0
github.com/veilence/veilence-mx/backend/internal/repository/package_repo.go:99.2,99.30 1 3
github.com/veilence/veilence-mx/backend/internal/repository/package_repo.go:99.30,101.3 1 2
github.com/veilence/veilence-mx/backend/internal/repository/package_repo.go:102.2,102.12 1 1
github.com/veilence/veilence-mx/backend/internal/repository/package_repo.go:105.109,107.21 2 3
github.com/veilence/veilence-mx/backend/internal/repository/package_repo.go:107.21,109.3 1 2
github.com/veilence/veilence-mx/backend/internal/repository/package_repo.go:110.2,111.50 2 3
github.com/veilence/veilence-mx/backend/internal/repository/package_repo.go:111.50,113.3 1 0
github.com/veilence/veilence-mx/backend/internal/repository/package_repo.go:114.2,114.19 1 3
github.com/veilence/veilence-mx/backend/internal/repository/package_repo.go:119.57,132.2 1 6
github.com/veilence/veilence-mx/backend/internal/repository/package_repo.go:134.56,147.2 1 3
github.com/veilence/veilence-mx/backend/internal/repository/password_reset_token_repo.go:21.69,23.2 1 5
github.com/veilence/veilence-mx/backend/internal/repository/password_reset_token_repo.go:25.125,27.97 2 5
github.com/veilence/veilence-mx/backend/internal/repository/password_reset_token_repo.go:27.97,28.45 1 2
github.com/veilence/veilence-mx/backend/internal/repository/password_reset_token_repo.go:28.45,30.4 1 2
github.com/veilence/veilence-mx/backend/internal/repository/password_reset_token_repo.go:31.3,31.66 1 0
github.com/veilence/veilence-mx/backend/internal/repository/password_reset_token_repo.go:33.2,33.44 1 3
github.com/veilence/veilence-mx/backend/internal/repository/password_reset_token_repo.go:36.102,38.62 2 4
github.com/veilence/veilence-mx/backend/internal/repository/password_reset_token_repo.go:38.62,40.3 1 0
github.com/veilence/veilence-mx/backend/internal/repository/password_reset_token_repo.go:41.2,43.12 3 4
github.com/veilence/veilence-mx/backend/internal/repository/password_reset_token_repo.go:46.79,49.25 3 2
github.com/veilence/veilence-mx/backend/internal/repository/password_reset_token_repo.go:49.25,51.3 1 0
github.com/veilence/veilence-mx/backend/internal/repository/password_reset_token_repo.go:52.2,52.30 1 2
github.com/veilence/veilence-mx/backend/internal/repository/password_reset_token_repo.go:52.30,54.3 1 1
github.com/veilence/veilence-mx/backend/internal/repository/password_reset_token_repo.go:55.2,55.12 1 1
github.com/veilence/veilence-mx/backend/internal/repository/password_reset_token_repo.go:58.96,61.58 1 1
github.com/veilence/veilence-mx/backend/internal/repository/password_reset_token_repo.go:61.58,63.3 1 0
github.com/veilence/veilence-mx/backend/internal/repository/password_reset_token_repo.go:64.2,64.12 1 1
github.com/veilence/veilence-mx/backend/internal/repository/password_reset_token_repo.go:67.90,76.2 1 3
github.com/veilence/veilence-mx/backend/internal/repository/password_reset_token_repo.go:78.89,86.2 1 4
github.com/veilence/veilence-mx/backend/internal/repository/permission_repo.go:19.53,21.2 1 5
github.com/veilence/veilence-mx/backend/internal/repository/permission_repo.go:23.84,25.62 2 2
github.com/veilence/veilence-mx/backend/internal/repository/permission_repo.go:25.62,27.3 1 0
github.com/veilence/veilence-mx/backend/internal/repository/permission_repo.go:28.2,29.20 2 2
github.com/veilence/veilence-mx/backend/internal/repository/permission_repo.go:29.20,35.3 1 3
github.com/veilence/veilence-mx/backend/internal/repository/permission_repo.go:36.2,36.20 1 2
github.com/veilence/veilence-mx/backend/internal/repository/permission_repo.go:39.91,47.25 3 5
github.com/veilence/veilence-mx/backend/internal/repository/permission_repo.go:47.25,49.3 1 0
github.com/veilence/veilence-mx/backend/internal/repository/permission_repo.go:50.2,51.12 2 5
github.com/veilence/veilence-mx/backend/internal/repository/permission_repo.go:54.126,63.16 3 3
github.com/veilence/veilence-mx/backend/internal/repository/permission_repo.go:63.16,65.3 1 0
github.com/veilence/veilence-mx/backend/internal/repository/permission_repo.go:66.2,66.23 1 3
github.com/veilence/veilence-mx/backend/internal/repository/refresh_token_repo.go:20.57,22.2 1 5
github.com/veilence/veilence-mx/backend/internal/repository/refresh_token_repo.go:24.113,26.97 2 5
github.com/veilence/veilence-mx/backend/internal/repository/refresh_token_repo.go:26.97,27.45 1 3
github.com/veilence/veilence-mx/backend/internal/repository/refresh_token_repo.go:27.45,29.4 1 3
github.com/veilence/veilence-mx/backend/internal/repository/refresh_token_repo.go:30.3,30.59 1 0
github.com/veilence/veilence-mx/backend/internal/repository/refresh_token_repo.go:32.2,32.38 1 2
github.com/veilence/veilence-mx/backend/internal/repository/refresh_token_repo.go:35.90,37.62 2 2
github.com/veilence/veilence-mx/backend/internal/repository/refresh_token_repo.go:37.62,39.3 1 0
github.com/veilence/veilence-mx/backend/internal/repository/refresh_token_repo.go:40.2,42.12 3 2
github.com/veilence/veilence-mx/backend/internal/repository/refresh_token_repo.go:45.71,46.87 1 1
github.com/veilence/veilence-mx/backend/internal/repository/refresh_token_repo.go:46.87,48.3 1 0
github.com/veilence/veilence-mx/backend/internal/repository/refresh_token_repo.go:49.2,49.12 1 1
github.com/veilence/veilence-mx/backend/internal/repository/refresh_token_repo.go:52.91,53.118 1 1
github.com/veilence/veilence-mx/backend/internal/repository/refresh_token_repo.go:53.118,55.3 1 0
github.com/veilence/veilence-mx/backend/internal/repository/refresh_token_repo.go:56.2,56.12 1 1
github.com/veilence/veilence-mx/backend/internal/repository/refresh_token_repo.go:61.72,69.2 1 2
github.com/veilence/veilence-mx/backend/internal/repository/refresh_token_repo.go:71.71,79.2 1 2
github.com/veilence/veilence-mx/backend/internal/repository/release_repo.go:20.47,22.2 1 6
github.com/veilence/veilence-mx/backend/internal/repository/release_repo.go:24.87,26.66 2 3
github.com/veilence/veilence-mx/backend/internal/repository/release_repo.go:26.66,27.45 1 1
github.com/veilence/veilence-mx/backend/internal/repository/release_repo.go:27.45,29.4 1 1
github.com/veilence/veilence-mx/backend/internal/repository/release_repo.go:30.3,30.53 1 0
github.com/veilence/veilence-mx/backend/internal/repository/release_repo.go:32.2,32.33 1 2
github.com/veilence/veilence-mx/backend/internal/repository/release_repo.go:35.126,39.50 3 4
github.com/veilence/veilence-mx/backend/internal/repository/release_repo.go:39.50,41.3 1 0
github.com/veilence/veilence-mx/backend/internal/repository/release_repo.go:43.2,49.16 3 4
github.com/veilence/veilence-mx/backend/internal/repository/release_repo.go:49.16,51.3 1 0
github.com/veilence/veilence-mx/backend/internal/repository/release_repo.go:53.2,54.20 2 4
github.com/veilence/veilence-mx/backend/internal/repository/release_repo.go:54.20,56.3 1 7
github.com/veilence/veilence-mx/backend/internal/repository/release_repo.go:57.2,57.27 1 4
github.com/veilence/veilence-mx/backend/internal/repository/release_repo.go:60.82,62.62 2 10
github.com/veilence/veilence-mx/backend/internal/repository/release_repo.go:62.62,64.3 1 0
github.com/veilence/veilence-mx/backend/internal/repository/release_repo.go:65.2,67.12 3 10
github.com/veilence/veilence-mx/backend/internal/repository/release_repo.go:70.82,72.60 2 1
github.com/veilence/veilence-mx/backend/internal/repository/release_repo.go:72.60,74.3 1 0
github.com/veilence/veilence-mx/backend/internal/repository/release_repo.go:75.2,75.12 1 1
github.com/veilence/veilence-mx/backend/internal/repository/release_repo.go:80.57,92.2 1 9
github.com/veilence/veilence-mx/backend/internal/repository/release_repo.go:94.56,106.2 1 11
github.com/veilence/veilence-mx/backend/internal/repository/role_repo.go:20.41,22.2 1 5
github.com/veilence/veilence-mx/backend/internal/repository/role_repo.go:24.81,26.89 2 2
github.com/veilence/veilence-mx/backend/internal/repository/role_repo.go:26.89,27.45 1 1
github.com/veilence/veilence-mx/backend/internal/repository/role_repo.go:27.45,29.4 1 1
github.com/veilence/veilence-mx/backend/internal/repository/role_repo.go:30.3,30.50 1 0
github.com/veilence/veilence-mx/backend/internal/repository/role_repo.go:32.2,32.30 1 1
github.com/veilence/veilence-mx/backend/internal/repository/role_repo.go:35.94,41.16 3 2
github.com/veilence/veilence-mx/backend/internal/repository/role_repo.go:41.16,42.45 1 1
github.com/veilence/veilence-mx/backend/internal/repository/role_repo.go:42.45,44.4 1 1
github.com/veilence/veilence-mx/backend/internal/repository/role_repo.go:45.3,45.50 1 0
github.com/veilence/veilence-mx/backend/internal/repository/role_repo.go:47.2,47.30 1 1
github.com/veilence/veilence-mx/backend/internal/repository/role_repo.go:50.88,56.16 3 2
github.com/veilence/veilence-mx/backend/internal/repository/role_repo.go:56.16,58.3 1 0
github.com/veilence/veilence-mx/backend/internal/repository/role_repo.go:59.2,60.20 2 2
github.com/veilence/veilence-mx/backend/internal/repository/role_repo.go:60.20,62.3 1 4
github.com/veilence/veilence-mx/backend/internal/repository/role_repo.go:63.2,63.20 1 2
github.com/veilence/veilence-mx/backend/internal/repository/role_repo.go:66.73,68.62 2 6
github.com/veilence/veilence-mx/backend/internal/repository/role_repo.go:68.62,70.3 1 0
github.com/veilence/veilence-mx/backend/internal/repository/role_repo.go:71.2,74.12 4 6
github.com/veilence/veilence-mx/backend/internal/repository/role_repo.go:79.48,89.28 2 12
github.com/veilence/veilence-mx/backend/internal/repository/role_repo.go:89.28,91.35 2 1
github.com/veilence/veilence-mx/backend/internal/repository/role_repo.go:91.35,97.4 1 1
github.com/veilence/veilence-mx/backend/internal/repository/role_repo.go:99.2,99.10 1 12
github.com/veilence/veilence-mx/backend/internal/repository/role_repo.go:102.47,112.28 2 6
github.com/veilence/veilence-mx/backend/internal/repository/role_repo.go:112.28,114.35 2 1
github.com/veilence/veilence-mx/backend/internal/repository/role_repo.go:114.35,120.4 1 1
github.com/veilence/veilence-mx/backend/internal/repository/role_repo.go:122.2,122.10 1 6
github.com/veilence/veilence-mx/backend/internal/repository/session_repo.go:21.47,23.2 1 11
github.com/veilence/veilence-mx/backend/internal/repository/session_repo.go:25.87,27.66 2 6
github.com/veilence/veilence-mx/backend/internal/repository/session_repo.go:27.66,28.45 1 3
github.com/veilence/veilence-mx/backend/internal/repository/session_repo.go:28.45,30.4 1 3
github.com/veilence/veilence-mx/backend/internal/repository/session_repo.go:31.3,31.53 1 0
github.com/veilence/veilence-mx/backend/internal/repository/session_repo.go:33.2,33.33 1 3
github.com/veilence/veilence-mx/backend/internal/repository/session_repo.go:36.96,39.57 2 1
github.com/veilence/veilence-mx/backend/internal/repository/session_repo.go:39.57,41.3 1 0
github.com/veilence/veilence-mx/backend/internal/repository/session_repo.go:42.2,43.20 2 1
github.com/veilence/veilence-mx/backend/internal/repository/session_repo.go:43.20,45.3 1 2
github.com/veilence/veilence-mx/backend/internal/repository/session_repo.go:46.2,46.20 1 1
github.com/veilence/veilence-mx/backend/internal/repository/session_repo.go:49.103,51.97 2 2
github.com/veilence/veilence-mx/backend/internal/repository/session_repo.go:51.97,52.45 1 1
github.com/veilence/veilence-mx/backend/internal/repository/session_repo.go:52.45,54.4 1 1
github.com/veilence/veilence-mx/backend/internal/repository/session_repo.go:55.3,55.67 1 0
github.com/veilence/veilence-mx/backend/internal/repository/session_repo.go:57.2,57.33 1 1
github.com/veilence/veilence-mx/backend/internal/repository/session_repo.go:60.82,62.62 2 16
github.com/veilence/veilence-mx/backend/internal/repository/session_repo.go:62.62,64.3 1 0
github.com/veilence/veilence-mx/backend/internal/repository/session_repo.go:65.2,67.12 3 16
github.com/veilence/veilence-mx/backend/internal/repository/session_repo.go:70.98,72.25 2 1
github.com/veilence/veilence-mx/backend/internal/repository/session_repo.go:72.25,74.3 1 0
github.com/veilence/veilence-mx/backend/internal/repository/session_repo.go:75.2,75.12 1 1
github.com/veilence/veilence-mx/backend/internal/repository/session_repo.go:78.66,79.82 1 1
github.com/veilence/veilence-mx/backend/internal/repository/session_repo.go:79.82,81.3 1 0
github.com/veilence/veilence-mx/backend/internal/repository/session_repo.go:82.2,82.12 1 1
github.com/veilence/veilence-mx/backend/internal/repository/session_repo.go:85.73,87.25 2 1
github.com/veilence/veilence-mx/backend/internal/repository/session_repo.go:87.25,89.3 1 0
github.com/veilence/veilence-mx/backend/internal/repository/session_repo.go:90.2,90.33 1 1
github.com/veilence/veilence-mx/backend/internal/repository/session_repo.go:93.86,97.35 2 1
github.com/veilence/veilence-mx/backend/internal/repository/session_repo.go:97.35,99.3 1 0
github.com/veilence/veilence-mx/backend/internal/repository/session_repo.go:100.2,100.19 1 1
github.com/veilence/veilence-mx/backend/internal/repository/session_repo.go:103.84,107.60 2 2
github.com/veilence/veilence-mx/backend/internal/repository/session_repo.go:107.60,108.45 1 1
github.com/veilence/veilence-mx/backend/internal/repository/session_repo.go:108.45,110.4 1 1
github.com/veilence/veilence-mx/backend/internal/repository/session_repo.go:111.3,111.55 1 0
github.com/veilence/veilence-mx/backend/internal/repository/session_repo.go:113.2,113.89 1 1
github.com/veilence/veilence-mx/backend/internal/repository/session_repo.go:113.89,115.3 1 0
github.com/veilence/veilence-mx/backend/internal/repository/session_repo.go:116.2,116.12 1 1
github.com/veilence/veilence-mx/backend/internal/repository/session_repo.go:121.57,132.2 1 6
github.com/veilence/veilence-mx/backend/internal/repository/session_repo.go:134.56,145.2 1 16
github.com/veilence/veilence-mx/backend/internal/repository/setting_repo.go:20.47,22.2 1 5
github.com/veilence/veilence-mx/backend/internal/repository/setting_repo.go:24.94,26.89 2 2
github.com/veilence/veilence-mx/backend/internal/repository/setting_repo.go:26.89,28.3 1 0
github.com/veilence/veilence-mx/backend/internal/repository/setting_repo.go:29.2,30.20 2 2
github.com/veilence/veilence-mx/backend/internal/repository/setting_repo.go:30.20,32.3 1 3
github.com/veilence/veilence-mx/backend/internal/repository/setting_repo.go:33.2,33.20 1 2
github.com/veilence/veilence-mx/backend/internal/repository/setting_repo.go:36.103,39.16 3 2
github.com/veilence/veilence-mx/backend/internal/repository/setting_repo.go:39.16,40.45 1 1
github.com/veilence/veilence-mx/backend/internal/repository/setting_repo.go:40.45,42.4 1 1
github.com/veilence/veilence-mx/backend/internal/repository/setting_repo.go:43.3,43.53 1 0
github.com/veilence/veilence-mx/backend/internal/repository/setting_repo.go:45.2,45.33 1 1
github.com/veilence/veilence-mx/backend/internal/repository/setting_repo.go:48.82,54.25 3 2
github.com/veilence/veilence-mx/backend/internal/repository/setting_repo.go:54.25,56.3 1 0
github.com/veilence/veilence-mx/backend/internal/repository/setting_repo.go:57.2,60.12 4 2
github.com/veilence/veilence-mx/backend/internal/repository/setting_repo.go:63.113,65.91 2 2
github.com/veilence/veilence-mx/backend/internal/repository/setting_repo.go:65.91,67.3 1 0
github.com/veilence/veilence-mx/backend/internal/repository/setting_repo.go:68.2,68.32 1 2
github.com/veilence/veilence-mx/backend/internal/repository/setting_repo.go:73.57,82.2 1 6
github.com/veilence/veilence-mx/backend/internal/repository/setting_repo.go:84.56,93.2 1 2
github.com/veilence/veilence-mx/backend/internal/repository/user_repo.go:20.41,22.2 1 7
github.com/veilence/veilence-mx/backend/internal/repository/user_repo.go:24.81,26.66 2 4
github.com/veilence/veilence-mx/backend/internal/repository/user_repo.go:26.66,27.45 1 1
github.com/veilence/veilence-mx/backend/internal/repository/user_repo.go:27.45,29.4 1 1
github.com/veilence/veilence-mx/backend/internal/repository/user_repo.go:30.3,30.56 1 0
github.com/veilence/veilence-mx/backend/internal/repository/user_repo.go:32.2,32.30 1 3
github.com/veilence/veilence-mx/backend/internal/repository/user_repo.go:35.89,37.88 2 2
github.com/veilence/veilence-mx/backend/internal/repository/user_repo.go:37.88,38.45 1 1
github.com/veilence/veilence-mx/backend/internal/repository/user_repo.go:38.45,40.4 1 1
github.com/veilence/veilence-mx/backend/internal/repository/user_repo.go:41.3,41.59 1 0
github.com/veilence/veilence-mx/backend/internal/repository/user_repo.go:43.2,43.30 1 1
github.com/veilence/veilence-mx/backend/internal/repository/user_repo.go:46.73,48.62 2 3
github.com/veilence/veilence-mx/backend/internal/repository/user_repo.go:48.62,50.3 1 1
github.com/veilence/veilence-mx/backend/internal/repository/user_repo.go:51.2,54.12 4 2
github.com/veilence/veilence-mx/backend/internal/repository/user_repo.go:57.73,59.60 2 1
github.com/veilence/veilence-mx/backend/internal/repository/user_repo.go:59.60,61.3 1 0
github.com/veilence/veilence-mx/backend/internal/repository/user_repo.go:62.2,63.12 2 1
github.com/veilence/veilence-mx/backend/internal/repository/user_repo.go:68.48,81.2 1 4
github.com/veilence/veilence-mx/backend/internal/repository/user_repo.go:83.47,96.2 1 4
github.com/veilence/veilence-mx/backend/internal/testutil/db.go:43.41,52.19 6 9
github.com/veilence/veilence-mx/backend/internal/testutil/db.go:52.19,55.3 2 9
github.com/veilence/veilence-mx/backend/internal/testutil/db.go:57.2,57.11 1 9
github.com/veilence/veilence-mx/backend/internal/testutil/db.go:63.66,72.19 6 0
github.com/veilence/veilence-mx/backend/internal/testutil/db.go:72.19,75.3 2 0
github.com/veilence/veilence-mx/backend/internal/testutil/db.go:77.2,77.11 1 0
github.com/veilence/veilence-mx/backend/internal/testutil/db.go:82.45,93.31 3 1
github.com/veilence/veilence-mx/backend/internal/testutil/db.go:93.31,95.3 1 21
github.com/veilence/veilence-mx/backend/internal/testutil/fixtures.go:30.39,39.2 1 5
github.com/veilence/veilence-mx/backend/internal/testutil/fixtures.go:44.85,47.25 3 5
github.com/veilence/veilence-mx/backend/internal/testutil/fixtures.go:47.25,49.3 1 3
github.com/veilence/veilence-mx/backend/internal/testutil/fixtures.go:50.2,59.13 4 5
github.com/veilence/veilence-mx/backend/internal/testutil/fixtures.go:64.67,67.19 3 1
github.com/veilence/veilence-mx/backend/internal/testutil/fixtures.go:67.19,68.53 1 3
github.com/veilence/veilence-mx/backend/internal/testutil/fixtures.go:68.53,70.4 1 3
github.com/veilence/veilence-mx/backend/internal/testutil/fixtures.go:72.2,72.14 1 1
github.com/veilence/veilence-mx/backend/internal/testutil/fixtures.go:88.37,95.2 1 0
github.com/veilence/veilence-mx/backend/internal/testutil/fixtures.go:98.91,101.25 3 0
github.com/veilence/veilence-mx/backend/internal/testutil/fixtures.go:101.25,103.3 1 0
github.com/veilence/veilence-mx/backend/internal/testutil/fixtures.go:104.2,112.12 3 0
github.com/veilence/veilence-mx/backend/internal/testutil/fixtures.go:129.37,136.2 1 3
github.com/veilence/veilence-mx/backend/internal/testutil/fixtures.go:139.90,142.25 3 3
github.com/veilence/veilence-mx/backend/internal/testutil/fixtures.go:142.25,144.3 1 0
github.com/veilence/veilence-mx/backend/internal/testutil/fixtures.go:145.2,153.12 3 3
github.com/veilence/veilence-mx/backend/internal/testutil/fixtures.go:157.85,160.19 3 0
github.com/veilence/veilence-mx/backend/internal/testutil/fixtures.go:160.19,161.54 1 0
github.com/veilence/veilence-mx/backend/internal/testutil/fixtures.go:161.54,164.4 2 0
github.com/veilence/veilence-mx/backend/internal/testutil/fixtures.go:166.2,166.13 1 0
github.com/veilence/veilence-mx/backend/internal/testutil/fixtures.go:181.45,187.2 1 1
github.com/veilence/veilence-mx/backend/internal/testutil/fixtures.go:190.94,193.25 3 1
github.com/veilence/veilence-mx/backend/internal/testutil/fixtures.go:193.25,195.3 1 1
github.com/veilence/veilence-mx/backend/internal/testutil/fixtures.go:196.2,202.12 3 1
github.com/veilence/veilence-mx/backend/internal/testutil/fixtures.go:220.39,229.2 1 0
github.com/veilence/veilence-mx/backend/internal/testutil/fixtures.go:232.85,235.25 3 0
github.com/veilence/veilence-mx/backend/internal/testutil/fixtures.go:235.25,237.3 1 0
github.com/veilence/veilence-mx/backend/internal/testutil/fixtures.go:238.2,247.13 3 0
github.com/veilence/veilence-mx/backend/internal/testutil/fixtures.go:265.47,274.2 1 0
github.com/veilence/veilence-mx/backend/internal/testutil/fixtures.go:277.97,280.25 3 0
github.com/veilence/veilence-mx/backend/internal/testutil/fixtures.go:280.25,282.3 1 0
github.com/veilence/veilence-mx/backend/internal/testutil/fixtures.go:283.2,292.17 3 0
github.com/veilence/veilence-mx/backend/internal/testutil/fixtures.go:310.41,319.2 1 1
github.com/veilence/veilence-mx/backend/internal/testutil/fixtures.go:322.88,325.25 3 1
github.com/veilence/veilence-mx/backend/internal/testutil/fixtures.go:325.25,327.3 1 0
github.com/veilence/veilence-mx/backend/internal/testutil/fixtures.go:328.2,337.14 3 1
github.com/veilence/veilence-mx/backend/internal/testutil/fixtures.go:345.94,350.2 4 0
github.com/veilence/veilence-mx/backend/internal/testutil/fixtures.go:357.171,368.2 4 0
github.com/veilence/veilence-mx/backend/internal/testutil/fixtures.go:371.121,381.2 4 0
github.com/veilence/veilence-mx/backend/internal/testutil/fixtures.go:384.140,397.2 4 0
github.com/veilence/veilence-mx/backend/internal/testutil/fixtures.go:404.127,415.2 4 0
github.com/veilence/veilence-mx/backend/internal/testutil/fixtures.go:423.56,433.2 1 0
github.com/veilence/veilence-mx/backend/internal/testutil/fixtures.go:436.77,444.2 1 0
github.com/veilence/veilence-mx/backend/internal/testutil/fixtures.go:447.94,454.2 1 0
github.com/veilence/veilence-mx/backend/internal/testutil/fixtures.go:457.75,464.2 1 0
github.com/veilence/veilence-mx/backend/internal/testutil/fixtures.go:467.68,477.2 1 0
github.com/veilence/veilence-mx/backend/internal/testutil/fixtures.go:480.96,490.2 1 0
github.com/veilence/veilence-mx/backend/internal/testutil/fixtures.go:493.105,503.2 1 0
github.com/veilence/veilence-mx/backend/internal/testutil/fixtures.go:506.136,515.2 1 0
github.com/veilence/veilence-mx/backend/internal/testutil/fixtures.go:518.101,526.2 1 0
github.com/veilence/veilence-mx/backend/internal/testutil/mock_repos.go:37.50,39.2 1 3
github.com/veilence/veilence-mx/backend/internal/testutil/mock_repos.go:41.89,45.30 4 2
github.com/veilence/veilence-mx/backend/internal/testutil/mock_repos.go:45.30,47.3 1 1
github.com/veilence/veilence-mx/backend/internal/testutil/mock_repos.go:48.2,49.9 2 1
github.com/veilence/veilence-mx/backend/internal/testutil/mock_repos.go:49.9,51.3 1 0
github.com/veilence/veilence-mx/backend/internal/testutil/mock_repos.go:52.2,53.20 2 1
github.com/veilence/veilence-mx/backend/internal/testutil/mock_repos.go:56.97,60.33 4 1
github.com/veilence/veilence-mx/backend/internal/testutil/mock_repos.go:60.33,62.3 1 0
github.com/veilence/veilence-mx/backend/internal/testutil/mock_repos.go:63.2,63.28 1 1
github.com/veilence/veilence-mx/backend/internal/testutil/mock_repos.go:63.28,64.23 1 1
github.com/veilence/veilence-mx/backend/internal/testutil/mock_repos.go:64.23,67.4 2 1
github.com/veilence/veilence-mx/backend/internal/testutil/mock_repos.go:69.2,69.42 1 0
github.com/veilence/veilence-mx/backend/internal/testutil/mock_repos.go:72.81,76.28 4 2
github.com/veilence/veilence-mx/backend/internal/testutil/mock_repos.go:76.28,78.3 1 0
github.com/veilence/veilence-mx/backend/internal/testutil/mock_repos.go:79.2,85.12 7 2
github.com/veilence/veilence-mx/backend/internal/testutil/mock_repos.go:88.81,92.28 4 0
github.com/veilence/veilence-mx/backend/internal/testutil/mock_repos.go:92.28,94.3 1 0
github.com/veilence/veilence-mx/backend/internal/testutil/mock_repos.go:95.2,95.36 1 0
github.com/veilence/veilence-mx/backend/internal/testutil/mock_repos.go:95.36,97.3 1 0
github.com/veilence/veilence-mx/backend/internal/testutil/mock_repos.go:98.2,101.12 4 0
github.com/veilence/veilence-mx/backend/internal/testutil/mock_repos.go:126.66,128.2 1 0
github.com/veilence/veilence-mx/backend/internal/testutil/mock_repos.go:130.116,134.37 4 0
github.com/veilence/veilence-mx/backend/internal/testutil/mock_repos.go:134.37,136.3 1 0
github.com/veilence/veilence-mx/backend/internal/testutil/mock_repos.go:137.2,137.29 1 0
github.com/veilence/veilence-mx/backend/internal/testutil/mock_repos.go:137.29,138.26 1 0
github.com/veilence/veilence-mx/backend/internal/testutil/mock_repos.go:138.26,141.4 2 0
github.com/veilence/veilence-mx/backend/internal/testutil/mock_repos.go:143.2,143.51 1 0
github.com/veilence/veilence-mx/backend/internal/testutil/mock_repos.go:146.98,150.28 4 0
github.com/veilence/veilence-mx/backend/internal/testutil/mock_repos.go:150.28,152.3 1 0
github.com/veilence/veilence-mx/backend/internal/testutil/mock_repos.go:153.2,158.12 6 0
github.com/veilence/veilence-mx/backend/internal/testutil/mock_repos.go:161.79,165.28 4 0
github.com/veilence/veilence-mx/backend/internal/testutil/mock_repos.go:165.28,167.3 1 0
github.com/veilence/veilence-mx/backend/internal/testutil/mock_repos.go:168.2,169.12 2 0
github.com/veilence/veilence-mx/backend/internal/testutil/mock_repos.go:172.94,176.39 4 0
github.com/veilence/veilence-mx/backend/internal/testutil/mock_repos.go:176.39,178.3 1 0
github.com/veilence/veilence-mx/backend/internal/testutil/mock_repos.go:179.2,179.30 1 0
github.com/veilence/veilence-mx/backend/internal/testutil/mock_repos.go:179.30,180.26 1 0
github.com/veilence/veilence-mx/backend/internal/testutil/mock_repos.go:180.26,183.4 2 0
github.com/veilence/veilence-mx/backend/internal/testutil/mock_repos.go:185.2,185.12 1 0
github.com/veilence/veilence-mx/backend/internal/testutil/mock_repos.go:214.54,216.2 1 0
github.com/veilence/veilence-mx/backend/internal/testutil/mock_repos.go:218.93,222.30 4 0
github.com/veilence/veilence-mx/backend/internal/testutil/mock_repos.go:222.30,224.3 1 0
github.com/veilence/veilence-mx/backend/internal/testutil/mock_repos.go:225.2,226.9 2 0
github.com/veilence/veilence-mx/backend/internal/testutil/mock_repos.go:226.9,228.3 1 0
github.com/veilence/veilence-mx/backend/internal/testutil/mock_repos.go:229.2,230.20 2 0
github.com/veilence/veilence-mx/backend/internal/testutil/mock_repos.go:233.110,237.40 4 0
github.com/veilence/veilence-mx/backend/internal/testutil/mock_repos.go:237.40,239.3 1 0
github.com/veilence/veilence-mx/backend/internal/testutil/mock_repos.go:240.2,241.27 2 0
github.com/veilence/veilence-mx/backend/internal/testutil/mock_repos.go:241.27,242.42 1 0
github.com/veilence/veilence-mx/backend/internal/testutil/mock_repos.go:242.42,244.4 1 0
github.com/veilence/veilence-mx/backend/internal/testutil/mock_repos.go:246.2,246.20 1 0
github.com/veilence/veilence-mx/backend/internal/testutil/mock_repos.go:249.102,253.34 4 0
github.com/veilence/veilence-mx/backend/internal/testutil/mock_repos.go:253.34,255.3 1 0
github.com/veilence/veilence-mx/backend/internal/testutil/mock_repos.go:256.2,257.27 2 0
github.com/veilence/veilence-mx/backend/internal/testutil/mock_repos.go:257.27,258.39 1 0
github.com/veilence/veilence-mx/backend/internal/testutil/mock_repos.go:258.39,260.4 1 0
github.com/veilence/veilence-mx/backend/internal/testutil/mock_repos.go:262.2,262.20 1 0
github.com/veilence/veilence-mx/backend/internal/testutil/mock_repos.go:265.84,269.28 4 0
github.com/veilence/veilence-mx/backend/internal/testutil/mock_repos.go:269.28,271.3 1 0
github.com/veilence/veilence-mx/backend/internal/testutil/mock_repos.go:272.2,277.12 6 0
github.com/veilence/veilence-mx/backend/internal/testutil/mock_repos.go:280.84,284.28 4 0
github.com/veilence/veilence-mx/backend/internal/testutil/mock_repos.go:284.28,286.3 1 0
github.com/veilence/veilence-mx/backend/internal/testutil/mock_repos.go:287.2,287.34 1 0
github.com/veilence/veilence-mx/backend/internal/testutil/mock_repos.go:287.34,289.3 1 0
github.com/veilence/veilence-mx/backend/internal/testutil/mock_repos.go:290.2,292.12 3 0
github.com/veilence/veilence-mx/backend/internal/testutil/mock_repos.go:295.88,299.32 4 0
github.com/veilence/veilence-mx/backend/internal/testutil/mock_repos.go:299.32,301.3 1 0
github.com/veilence/veilence-mx/backend/internal/testutil/mock_repos.go:302.2,303.31 2 0
github.com/veilence/veilence-mx/backend/internal/testutil/mock_repos.go:303.31,305.3 1 0
github.com/veilence/veilence-mx/backend/internal/testutil/mock_repos.go:306.2,307.12 2 0
github.com/veilence/veilence-mx/backend/internal/testutil/mock_repos.go:338.56,340.2 1 2
github.com/veilence/veilence-mx/backend/internal/testutil/mock_repos.go:342.95,346.30 4 1
github.com/veilence/veilence-mx/backend/internal/testutil/mock_repos.go:346.30,348.3 1 0
github.com/veilence/veilence-mx/backend/internal/testutil/mock_repos.go:349.2,350.9 2 1
github.com/veilence/veilence-mx/backend/internal/testutil/mock_repos.go:350.9,352.3 1 0
github.com/veilence/veilence-mx/backend/internal/testutil/mock_repos.go:353.2,354.20 2 1
github.com/veilence/veilence-mx/backend/internal/testutil/mock_repos.go:357.136,361.33 4 1
github.com/veilence/veilence-mx/backend/internal/testutil/mock_repos.go:361.33,363.3 1 0
github.com/veilence/veilence-mx/backend/internal/testutil/mock_repos.go:364.2,365.31 2 1
github.com/veilence/veilence-mx/backend/internal/testutil/mock_repos.go:365.31,366.23 1 3
github.com/veilence/veilence-mx/backend/internal/testutil/mock_repos.go:366.23,368.4 1 2
github.com/veilence/veilence-mx/backend/internal/testutil/mock_repos.go:370.2,372.25 3 1
github.com/veilence/veilence-mx/backend/internal/testutil/mock_repos.go:372.25,374.3 1 0
github.com/veilence/veilence-mx/backend/internal/testutil/mock_repos.go:375.2,376.23 2 1
github.com/veilence/veilence-mx/backend/internal/testutil/mock_repos.go:376.23,378.3 1 1
github.com/veilence/veilence-mx/backend/internal/testutil/mock_repos.go:379.2,379.38 1 1
github.com/veilence/veilence-mx/backend/internal/testutil/mock_repos.go:382.145,386.38 4 0
github.com/veilence/veilence-mx/backend/internal/testutil/mock_repos.go:386.38,388.3 1 0
github.com/veilence/veilence-mx/backend/internal/testutil/mock_repos.go:389.2,389.31 1 0
github.com/veilence/veilence-mx/backend/internal/testutil/mock_repos.go:389.31,390.67 1 0
github.com/veilence/veilence-mx/backend/internal/testutil/mock_repos.go:390.67,393.4 2 0
github.com/veilence/veilence-mx/backend/internal/testutil/mock_repos.go:395.2,395.45 1 0
github.com/veilence/veilence-mx/backend/internal/testutil/mock_repos.go:398.86,402.28 4 4
github.com/veilence/veilence-mx/backend/internal/testutil/mock_repos.go:402.28,404.3 1 0
github.com/veilence/veilence-mx/backend/internal/testutil/mock_repos.go:405.2,411.12 7 4
github.com/veilence/veilence-mx/backend/internal/testutil/mock_repos.go:414.86,418.28 4 0
github.com/veilence/veilence-mx/backend/internal/testutil/mock_repos.go:418.28,420.3 1 0
github.com/veilence/veilence-mx/backend/internal/testutil/mock_repos.go:421.2,421.38 1 0
github.com/veilence/veilence-mx/backend/internal/testutil/mock_repos.go:421.38,423.3 1 0
github.com/veilence/veilence-mx/backend/internal/testutil/mock_repos.go:424.2,427.12 4 0
github.com/veilence/veilence-mx/backend/internal/testutil/mock_repos.go:430.85,434.32 4 0
github.com/veilence/veilence-mx/backend/internal/testutil/mock_repos.go:434.32,436.3 1 0
github.com/veilence/veilence-mx/backend/internal/testutil/mock_repos.go:437.2,438.29 2 0
github.com/veilence/veilence-mx/backend/internal/testutil/mock_repos.go:438.29,440.3 1 0
github.com/veilence/veilence-mx/backend/internal/testutil/mock_repos.go:441.2,442.12 2 0
github.com/veilence/veilence-mx/backend/internal/testutil/mock_repos.go:445.117,449.32 4 0
github.com/veilence/veilence-mx/backend/internal/testutil/mock_repos.go:449.32,451.3 1 0
github.com/veilence/veilence-mx/backend/internal/testutil/mock_repos.go:452.2,453.31 2 0
github.com/veilence/veilence-mx/backend/internal/testutil/mock_repos.go:453.31,454.23 1 0
github.com/veilence/veilence-mx/backend/internal/testutil/mock_repos.go:454.23,455.50 1 0
github.com/veilence/veilence-mx/backend/internal/testutil/mock_repos.go:455.50,457.5 1 0
github.com/veilence/veilence-mx/backend/internal/testutil/mock_repos.go:460.2,460.19 1 0
github.com/veilence/veilence-mx/backend/internal/testutil/mock_repos.go:485.56,487.2 1 0
github.com/veilence/veilence-mx/backend/internal/testutil/mock_repos.go:489.95,493.30 4 0
github.com/veilence/veilence-mx/backend/internal/testutil/mock_repos.go:493.30,495.3 1 0
github.com/veilence/veilence-mx/backend/internal/testutil/mock_repos.go:496.2,497.9 2 0
github.com/veilence/veilence-mx/backend/internal/testutil/mock_repos.go:497.9,499.3 1 0
github.com/veilence/veilence-mx/backend/internal/testutil/mock_repos.go:500.2,501.20 2 0
github.com/veilence/veilence-mx/backend/internal/testutil/mock_repos.go:504.134,508.37 4 0
github.com/veilence/veilence-mx/backend/internal/testutil/mock_repos.go:508.37,510.3 1 0
github.com/veilence/veilence-mx/backend/internal/testutil/mock_repos.go:511.2,512.31 2 0
github.com/veilence/veilence-mx/backend/internal/testutil/mock_repos.go:512.31,513.31 1 0
github.com/veilence/veilence-mx/backend/internal/testutil/mock_repos.go:513.31,515.4 1 0
github.com/veilence/veilence-mx/backend/internal/testutil/mock_repos.go:517.2,519.25 3 0
github.com/veilence/veilence-mx/backend/internal/testutil/mock_repos.go:519.25,521.3 1 0
github.com/veilence/veilence-mx/backend/internal/testutil/mock_repos.go:522.2,523.23 2 0
github.com/veilence/veilence-mx/backend/internal/testutil/mock_repos.go:523.23,525.3 1 0
github.com/veilence/veilence-mx/backend/internal/testutil/mock_repos.go:526.2,526.38 1 0
github.com/veilence/veilence-mx/backend/internal/testutil/mock_repos.go:529.90,533.28 4 0
github.com/veilence/veilence-mx/backend/internal/testutil/mock_repos.go:533.28,535.3 1 0
github.com/veilence/veilence-mx/backend/internal/testutil/mock_repos.go:536.2,541.12 6 0
github.com/veilence/veilence-mx/backend/internal/testutil/mock_repos.go:544.90,548.28 4 0
github.com/veilence/veilence-mx/backend/internal/testutil/mock_repos.go:548.28,550.3 1 0
github.com/veilence/veilence-mx/backend/internal/testutil/mock_repos.go:551.2,551.42 1 0
github.com/veilence/veilence-mx/backend/internal/testutil/mock_repos.go:551.42,553.3 1 0
github.com/veilence/veilence-mx/backend/internal/testutil/mock_repos.go:554.2,556.12 3 0
github.com/veilence/veilence-mx/backend/internal/testutil/mock_repos.go:579.50,581.2 1 0
github.com/veilence/veilence-mx/backend/internal/testutil/mock_repos.go:583.89,587.30 4 0
github.com/veilence/veilence-mx/backend/internal/testutil/mock_repos.go:587.30,589.3 1 0
github.com/veilence/veilence-mx/backend/internal/testutil/mock_repos.go:590.2,591.9 2 0
github.com/veilence/veilence-mx/backend/internal/testutil/mock_repos.go:591.9,593.3 1 0
github.com/veilence/veilence-mx/backend/internal/testutil/mock_repos.go:594.2,595.20 2 0
github.com/veilence/veilence-mx/backend/internal/testutil/mock_repos.go:598.104,602.37 4 0
github.com/veilence/veilence-mx/backend/internal/testutil/mock_repos.go:602.37,604.3 1 0
github.com/veilence/veilence-mx/backend/internal/testutil/mock_repos.go:605.2,606.28 2 0
github.com/veilence/veilence-mx/backend/internal/testutil/mock_repos.go:606.28,607.31 1 0
github.com/veilence/veilence-mx/backend/internal/testutil/mock_repos.go:607.31,609.4 1 0
github.com/veilence/veilence-mx/backend/internal/testutil/mock_repos.go:611.2,611.20 1 0
github.com/veilence/veilence-mx/backend/internal/testutil/mock_repos.go:614.81,618.28 4 0
github.com/veilence/veilence-mx/backend/internal/testutil/mock_repos.go:618.28,620.3 1 0
github.com/veilence/veilence-mx/backend/internal/testutil/mock_repos.go:621.2,626.12 6 0
github.com/veilence/veilence-mx/backend/internal/testutil/mock_repos.go:651.58,653.2 1 0
github.com/veilence/veilence-mx/backend/internal/testutil/mock_repos.go:655.97,659.30 4 0
github.com/veilence/veilence-mx/backend/internal/testutil/mock_repos.go:659.30,661.3 1 0
github.com/veilence/veilence-mx/backend/internal/testutil/mock_repos.go:662.2,663.9 2 0
github.com/veilence/veilence-mx/backend/internal/testutil/mock_repos.go:663.9,665.3 1 0
github.com/veilence/veilence-mx/backend/internal/testutil/mock_repos.go:666.2,667.20 2 0
github.com/veilence/veilence-mx/backend/internal/testutil/mock_repos.go:670.106,674.34 4 0
github.com/veilence/veilence-mx/backend/internal/testutil/mock_repos.go:674.34,676.3 1 0
github.com/veilence/veilence-mx/backend/internal/testutil/mock_repos.go:677.2,678.31 2 0
github.com/veilence/veilence-mx/backend/internal/testutil/mock_repos.go:678.31,679.25 1 0
github.com/veilence/veilence-mx/backend/internal/testutil/mock_repos.go:679.25,681.4 1 0
github.com/veilence/veilence-mx/backend/internal/testutil/mock_repos.go:683.2,683.20 1 0
github.com/veilence/veilence-mx/backend/internal/testutil/mock_repos.go:686.93,690.28 4 0
github.com/veilence/veilence-mx/backend/internal/testutil/mock_repos.go:690.28,692.3 1 0
github.com/veilence/veilence-mx/backend/internal/testutil/mock_repos.go:693.2,698.12 6 0
github.com/veilence/veilence-mx/backend/internal/testutil/mock_repos.go:701.95,705.35 4 0
github.com/veilence/veilence-mx/backend/internal/testutil/mock_repos.go:705.35,707.3 1 0
github.com/veilence/veilence-mx/backend/internal/testutil/mock_repos.go:708.2,709.31 2 0
github.com/veilence/veilence-mx/backend/internal/testutil/mock_repos.go:709.31,710.25 1 0
github.com/veilence/veilence-mx/backend/internal/testutil/mock_repos.go:710.25,712.4 1 0
github.com/veilence/veilence-mx/backend/internal/testutil/mock_repos.go:714.2,714.19 1 0
github.com/veilence/veilence-mx/backend/internal/testutil/mock_repos.go:741.52,743.2 1 1
github.com/veilence/veilence-mx/backend/internal/testutil/mock_repos.go:745.91,749.30 4 0
github.com/veilence/veilence-mx/backend/internal/testutil/mock_repos.go:749.30,751.3 1 0
github.com/veilence/veilence-mx/backend/internal/testutil/mock_repos.go:752.2,753.9 2 0
github.com/veilence/veilence-mx/backend/internal/testutil/mock_repos.go:753.9,755.3 1 0
github.com/veilence/veilence-mx/backend/internal/testutil/mock_repos.go:756.2,757.20 2 0
github.com/veilence/veilence-mx/backend/internal/testutil/mock_repos.go:760.161,764.33 4 1
github.com/veilence/veilence-mx/backend/internal/testutil/mock_repos.go:764.33,766.3 1 0
github.com/veilence/veilence-mx/backend/internal/testutil/mock_repos.go:767.2,768.29 2 1
github.com/veilence/veilence-mx/backend/internal/testutil/mock_repos.go:768.29,769.23 1 2
github.com/veilence/veilence-mx/backend/internal/testutil/mock_repos.go:769.23,770.12 1 0
github.com/veilence/veilence-mx/backend/internal/testutil/mock_repos.go:772.3,772.65 1 2
github.com/veilence/veilence-mx/backend/internal/testutil/mock_repos.go:772.65,773.12 1 0
github.com/veilence/veilence-mx/backend/internal/testutil/mock_repos.go:775.3,775.59 1 2
github.com/veilence/veilence-mx/backend/internal/testutil/mock_repos.go:775.59,776.12 1 1
github.com/veilence/veilence-mx/backend/internal/testutil/mock_repos.go:778.3,778.30 1 1
github.com/veilence/veilence-mx/backend/internal/testutil/mock_repos.go:780.2,782.25 3 1
github.com/veilence/veilence-mx/backend/internal/testutil/mock_repos.go:782.25,784.3 1 0
github.com/veilence/veilence-mx/backend/internal/testutil/mock_repos.go:785.2,786.23 2 1
github.com/veilence/veilence-mx/backend/internal/testutil/mock_repos.go:786.23,788.3 1 1
github.com/veilence/veilence-mx/backend/internal/testutil/mock_repos.go:789.2,789.38 1 1
github.com/veilence/veilence-mx/backend/internal/testutil/mock_repos.go:792.84,796.28 4 2
github.com/veilence/veilence-mx/backend/internal/testutil/mock_repos.go:796.28,798.3 1 0
github.com/veilence/veilence-mx/backend/internal/testutil/mock_repos.go:799.2,805.12 7 2
github.com/veilence/veilence-mx/backend/internal/testutil/mock_repos.go:808.84,812.28 4 0
github.com/veilence/veilence-mx/backend/internal/testutil/mock_repos.go:812.28,814.3 1 0
github.com/veilence/veilence-mx/backend/internal/testutil/mock_repos.go:815.2,815.38 1 0
github.com/veilence/veilence-mx/backend/internal/testutil/mock_repos.go:815.38,817.3 1 0
github.com/veilence/veilence-mx/backend/internal/testutil/mock_repos.go:818.2,821.12 4 0
github.com/veilence/veilence-mx/backend/internal/testutil/mock_repos.go:824.120,828.41 4 0
github.com/veilence/veilence-mx/backend/internal/testutil/mock_repos.go:828.41,830.3 1 0
github.com/veilence/veilence-mx/backend/internal/testutil/mock_repos.go:831.2,832.29 2 0
github.com/veilence/veilence-mx/backend/internal/testutil/mock_repos.go:832.29,833.23 1 0
github.com/veilence/veilence-mx/backend/internal/testutil/mock_repos.go:833.23,835.4 1 0
github.com/veilence/veilence-mx/backend/internal/testutil/mock_repos.go:837.2,837.20 1 0
github.com/veilence/veilence-mx/backend/internal/testutil/mock_repos.go:862.56,864.2 1 0
github.com/veilence/veilence-mx/backend/internal/testutil/mock_repos.go:866.48,868.2 1 0
github.com/veilence/veilence-mx/backend/internal/testutil/mock_repos.go:870.102,874.33 4 0
github.com/veilence/veilence-mx/backend/internal/testutil/mock_repos.go:874.33,876.3 1 0
github.com/veilence/veilence-mx/backend/internal/testutil/mock_repos.go:877.2,878.31 2 0
github.com/veilence/veilence-mx/backend/internal/testutil/mock_repos.go:878.31,879.39 1 0
github.com/veilence/veilence-mx/backend/internal/testutil/mock_repos.go:879.39,881.4 1 0
github.com/veilence/veilence-mx/backend/internal/testutil/mock_repos.go:883.2,883.20 1 0
github.com/veilence/veilence-mx/backend/internal/testutil/mock_repos.go:886.111,890.31 4 0
github.com/veilence/veilence-mx/backend/internal/testutil/mock_repos.go:890.31,892.3 1 0
github.com/veilence/veilence-mx/backend/internal/testutil/mock_repos.go:893.2,894.9 2 0
github.com/veilence/veilence-mx/backend/internal/testutil/mock_repos.go:894.9,896.3 1 0
github.com/veilence/veilence-mx/backend/internal/testutil/mock_repos.go:897.2,898.20 2 0
github.com/veilence/veilence-mx/backend/internal/testutil/mock_repos.go:901.90,905.28 4 0
github.com/veilence/veilence-mx/backend/internal/testutil/mock_repos.go:905.28,907.3 1 0
github.com/veilence/veilence-mx/backend/internal/testutil/mock_repos.go:908.2,909.39 2 0
github.com/veilence/veilence-mx/backend/internal/testutil/mock_repos.go:909.39,913.3 3 0
github.com/veilence/veilence-mx/backend/internal/testutil/mock_repos.go:913.8,920.3 6 0
github.com/veilence/veilence-mx/backend/internal/testutil/mock_repos.go:921.2,921.12 1 0
github.com/veilence/veilence-mx/backend/internal/testutil/mock_repos.go:924.121,928.39 4 0
github.com/veilence/veilence-mx/backend/internal/testutil/mock_repos.go:928.39,930.3 1 0
github.com/veilence/veilence-mx/backend/internal/testutil/mock_repos.go:931.2,932.32 2 0
github.com/veilence/veilence-mx/backend/internal/testutil/mock_repos.go:932.32,935.3 2 0
github.com/veilence/veilence-mx/backend/internal/testutil/mock_repos.go:936.2,944.15 5 0
github.com/veilence/veilence-mx/backend/internal/testutil/mock_repos.go:975.66,977.2 1 0
github.com/veilence/veilence-mx/backend/internal/testutil/mock_repos.go:979.105,983.30 4 0
github.com/veilence/veilence-mx/backend/internal/testutil/mock_repos.go:983.30,985.3 1 0
github.com/veilence/veilence-mx/backend/internal/testutil/mock_repos.go:986.2,987.9 2 0
github.com/veilence/veilence-mx/backend/internal/testutil/mock_repos.go:987.9,989.3 1 0
github.com/veilence/veilence-mx/backend/internal/testutil/mock_repos.go:990.2,991.20 2 0
github.com/veilence/veilence-mx/backend/internal/testutil/mock_repos.go:994.111,998.32 4 0
github.com/veilence/veilence-mx/backend/internal/testutil/mock_repos.go:998.32,1000.3 1 0
github.com/veilence/veilence-mx/backend/internal/testutil/mock_repos.go:1001.2,1001.27 1 0
github.com/veilence/veilence-mx/backend/internal/testutil/mock_repos.go:1001.27,1002.21 1 0
github.com/veilence/veilence-mx/backend/internal/testutil/mock_repos.go:1002.21,1005.4 2 0
github.com/veilence/veilence-mx/backend/internal/testutil/mock_repos.go:1007.2,1007.50 1 0
github.com/veilence/veilence-mx/backend/internal/testutil/mock_repos.go:1010.114,1014.33 4 0
github.com/veilence/veilence-mx/backend/internal/testutil/mock_repos.go:1014.33,1016.3 1 0
github.com/veilence/veilence-mx/backend/internal/testutil/mock_repos.go:1017.2,1018.27 2 0
github.com/veilence/veilence-mx/backend/internal/testutil/mock_repos.go:1018.27,1019.21 1 0
github.com/veilence/veilence-mx/backend/internal/testutil/mock_repos.go:1019.21,1020.46 1 0
github.com/veilence/veilence-mx/backend/internal/testutil/mock_repos.go:1020.46,1021.13 1 0
github.com/veilence/veilence-mx/backend/internal/testutil/mock_repos.go:1023.4,1023.11 1 0
github.com/veilence/veilence-mx/backend/internal/testutil/mock_repos.go:1026.2,1026.19 1 0
github.com/veilence/veilence-mx/backend/internal/testutil/mock_repos.go:1029.96,1033.28 4 0
github.com/veilence/veilence-mx/backend/internal/testutil/mock_repos.go:1033.28,1035.3 1 0
github.com/veilence/veilence-mx/backend/internal/testutil/mock_repos.go:1036.2,1042.12 7 0
github.com/veilence/veilence-mx/backend/internal/testutil/mock_repos.go:1045.96,1049.28 4 0
github.com/veilence/veilence-mx/backend/internal/testutil/mock_repos.go:1049.28,1051.3 1 0
github.com/veilence/veilence-mx/backend/internal/testutil/mock_repos.go:1052.2,1052.34 1 0
github.com/veilence/veilence-mx/backend/internal/testutil/mock_repos.go:1052.34,1054.3 1 0
github.com/veilence/veilence-mx/backend/internal/testutil/mock_repos.go:1055.2,1058.12 4 0
github.com/veilence/veilence-mx/backend/internal/testutil/mock_repos.go:1061.83,1065.32 4 0
github.com/veilence/veilence-mx/backend/internal/testutil/mock_repos.go:1065.32,1067.3 1 0
github.com/veilence/veilence-mx/backend/internal/testutil/mock_repos.go:1068.2,1068.30 1 0
github.com/veilence/veilence-mx/backend/internal/testutil/mock_repos.go:1068.30,1070.3 1 0
github.com/veilence/veilence-mx/backend/internal/testutil/mock_repos.go:1071.2,1072.12 2 0
github.com/veilence/veilence-mx/backend/internal/testutil/mock_repos.go:1075.109,1079.34 4 0
github.com/veilence/veilence-mx/backend/internal/testutil/mock_repos.go:1079.34,1081.3 1 0
github.com/veilence/veilence-mx/backend/internal/testutil/mock_repos.go:1083.2,1084.27 2 0
github.com/veilence/veilence-mx/backend/internal/testutil/mock_repos.go:1084.27,1086.3 1 0
github.com/veilence/veilence-mx/backend/internal/testutil/mock_repos.go:1087.2,1087.20 1 0
github.com/veilence/veilence-mx/backend/internal/testutil/mock_repos.go:1116.60,1118.2 1 0
github.com/veilence/veilence-mx/backend/internal/testutil/mock_repos.go:1120.43,1122.2 1 0
github.com/veilence/veilence-mx/backend/internal/testutil/mock_repos.go:1124.106,1128.33 4 0
github.com/veilence/veilence-mx/backend/internal/testutil/mock_repos.go:1128.33,1130.3 1 0
github.com/veilence/veilence-mx/backend/internal/testutil/mock_repos.go:1131.2,1132.32 2 0
github.com/veilence/veilence-mx/backend/internal/testutil/mock_repos.go:1132.32,1133.25 1 0
github.com/veilence/veilence-mx/backend/internal/testutil/mock_repos.go:1133.25,1135.4 1 0
github.com/veilence/veilence-mx/backend/internal/testutil/mock_repos.go:1137.2,1137.20 1 0
github.com/veilence/veilence-mx/backend/internal/testutil/mock_repos.go:1140.118,1144.38 4 0
github.com/veilence/veilence-mx/backend/internal/testutil/mock_repos.go:1144.38,1146.3 1 0
github.com/veilence/veilence-mx/backend/internal/testutil/mock_repos.go:1147.2,1148.9 2 0
github.com/veilence/veilence-mx/backend/internal/testutil/mock_repos.go:1148.9,1150.3 1 0
github.com/veilence/veilence-mx/backend/internal/testutil/mock_repos.go:1151.2,1152.20 2 0
github.com/veilence/veilence-mx/backend/internal/testutil/mock_repos.go:1155.107,1159.39 4 0
github.com/veilence/veilence-mx/backend/internal/testutil/mock_repos.go:1159.39,1161.3 1 0
github.com/veilence/veilence-mx/backend/internal/testutil/mock_repos.go:1162.2,1162.54 1 0
github.com/veilence/veilence-mx/backend/internal/testutil/mock_repos.go:1162.54,1164.3 1 0
github.com/veilence/veilence-mx/backend/internal/testutil/mock_repos.go:1165.2,1165.15 1 0
github.com/veilence/veilence-mx/backend/internal/testutil/mock_repos.go:1168.90,1172.28 4 0
github.com/veilence/veilence-mx/backend/internal/testutil/mock_repos.go:1172.28,1174.3 1 0
github.com/veilence/veilence-mx/backend/internal/testutil/mock_repos.go:1175.2,1181.12 7 0
github.com/veilence/veilence-mx/backend/internal/testutil/mock_repos.go:1184.90,1188.28 4 0
github.com/veilence/veilence-mx/backend/internal/testutil/mock_repos.go:1188.28,1190.3 1 0
github.com/veilence/veilence-mx/backend/internal/testutil/mock_repos.go:1191.2,1192.32 2 0
github.com/veilence/veilence-mx/backend/internal/testutil/mock_repos.go:1192.32,1194.3 1 0
github.com/veilence/veilence-mx/backend/internal/testutil/mock_repos.go:1195.2,1198.12 4 0
github.com/veilence/veilence-mx/backend/internal/testutil/mock_repos.go:1201.99,1205.40 4 0
github.com/veilence/veilence-mx/backend/internal/testutil/mock_repos.go:1205.40,1207.3 1 0
github.com/veilence/veilence-mx/backend/internal/testutil/mock_repos.go:1208.2,1209.12 2 0
github.com/veilence/veilence-mx/backend/internal/testutil/mock_repos.go:1238.80,1240.2 1 1
github.com/veilence/veilence-mx/backend/internal/testutil/mock_repos.go:1242.119,1246.30 4 0
github.com/veilence/veilence-mx/backend/internal/testutil/mock_repos.go:1246.30,1248.3 1 0
github.com/veilence/veilence-mx/backend/internal/testutil/mock_repos.go:1249.2,1250.9 2 0
github.com/veilence/veilence-mx/backend/internal/testutil/mock_repos.go:1250.9,1252.3 1 0
github.com/veilence/veilence-mx/backend/internal/testutil/mock_repos.go:1253.2,1254.20 2 0
github.com/veilence/veilence-mx/backend/internal/testutil/mock_repos.go:1257.132,1261.36 4 1
github.com/veilence/veilence-mx/backend/internal/testutil/mock_repos.go:1261.36,1263.3 1 0
github.com/veilence/veilence-mx/backend/internal/testutil/mock_repos.go:1264.2,1265.30 2 1
github.com/veilence/veilence-mx/backend/internal/testutil/mock_repos.go:1265.30,1267.3 1 0
github.com/veilence/veilence-mx/backend/internal/testutil/mock_repos.go:1268.2,1269.20 2 1
github.com/veilence/veilence-mx/backend/internal/testutil/mock_repos.go:1272.126,1276.33 4 2
github.com/veilence/veilence-mx/backend/internal/testutil/mock_repos.go:1276.33,1278.3 1 0
github.com/veilence/veilence-mx/backend/internal/testutil/mock_repos.go:1279.2,1280.32 2 2
github.com/veilence/veilence-mx/backend/internal/testutil/mock_repos.go:1280.32,1281.24 1 1
github.com/veilence/veilence-mx/backend/internal/testutil/mock_repos.go:1281.24,1283.4 1 1
github.com/veilence/veilence-mx/backend/internal/testutil/mock_repos.go:1285.2,1285.20 1 2
github.com/veilence/veilence-mx/backend/internal/testutil/mock_repos.go:1288.114,1292.28 4 1
github.com/veilence/veilence-mx/backend/internal/testutil/mock_repos.go:1292.28,1294.3 1 0
github.com/veilence/veilence-mx/backend/internal/testutil/mock_repos.go:1295.2,1301.12 7 1
github.com/veilence/veilence-mx/backend/internal/testutil/mock_repos.go:1304.114,1308.28 4 0
github.com/veilence/veilence-mx/backend/internal/testutil/mock_repos.go:1308.28,1310.3 1 0
github.com/veilence/veilence-mx/backend/internal/testutil/mock_repos.go:1311.2,1311.42 1 0
github.com/veilence/veilence-mx/backend/internal/testutil/mock_repos.go:1311.42,1313.3 1 0
github.com/veilence/veilence-mx/backend/internal/testutil/mock_repos.go:1314.2,1317.12 4 0
github.com/veilence/veilence-mx/backend/internal/testutil/mock_repos.go:1320.112,1324.38 4 1
github.com/veilence/veilence-mx/backend/internal/testutil/mock_repos.go:1324.38,1326.3 1 0
github.com/veilence/veilence-mx/backend/internal/testutil/mock_repos.go:1327.2,1328.30 2 1
github.com/veilence/veilence-mx/backend/internal/testutil/mock_repos.go:1328.30,1330.3 1 0
github.com/veilence/veilence-mx/backend/internal/testutil/mock_repos.go:1331.2,1332.15 2 1
github.com/veilence/veilence-mx/backend/internal/testutil/mock_repos.go:1357.74,1359.2 1 0
github.com/veilence/veilence-mx/backend/internal/testutil/mock_repos.go:1361.120,1365.33 4 0
github.com/veilence/veilence-mx/backend/internal/testutil/mock_repos.go:1365.33,1367.3 1 0
github.com/veilence/veilence-mx/backend/internal/testutil/mock_repos.go:1368.2,1369.28 2 0
github.com/veilence/veilence-mx/backend/internal/testutil/mock_repos.go:1369.28,1370.23 1 0
github.com/veilence/veilence-mx/backend/internal/testutil/mock_repos.go:1370.23,1372.4 1 0
github.com/veilence/veilence-mx/backend/internal/testutil/mock_repos.go:1374.2,1374.20 1 0
github.com/veilence/veilence-mx/backend/internal/testutil/mock_repos.go:1377.126,1381.39 4 0
github.com/veilence/veilence-mx/backend/internal/testutil/mock_repos.go:1381.39,1383.3 1 0
github.com/veilence/veilence-mx/backend/internal/testutil/mock_repos.go:1384.2,1385.28 2 0
github.com/veilence/veilence-mx/backend/internal/testutil/mock_repos.go:1385.28,1386.37 1 0
github.com/veilence/veilence-mx/backend/internal/testutil/mock_repos.go:1386.37,1388.4 1 0
github.com/veilence/veilence-mx/backend/internal/testutil/mock_repos.go:1390.2,1390.20 1 0
github.com/veilence/veilence-mx/backend/internal/testutil/mock_repos.go:1393.105,1397.28 4 0
github.com/veilence/veilence-mx/backend/internal/testutil/mock_repos.go:1397.28,1399.3 1 0
github.com/veilence/veilence-mx/backend/internal/testutil/mock_repos.go:1400.2,1406.12 7 0
github.com/veilence/veilence-mx/backend/internal/testutil/mock_repos.go:1409.109,1413.38 4 0
github.com/veilence/veilence-mx/backend/internal/testutil/mock_repos.go:1413.38,1415.3 1 0
github.com/veilence/veilence-mx/backend/internal/testutil/mock_repos.go:1416.2,1417.29 2 0
github.com/veilence/veilence-mx/backend/internal/testutil/mock_repos.go:1417.29,1419.3 1 0
github.com/veilence/veilence-mx/backend/internal/testutil/mock_repos.go:1420.2,1421.15 2 0
github.com/veilence/veilence-mx/backend/internal/testutil/mock_repos.go:1448.66,1450.2 1 0
github.com/veilence/veilence-mx/backend/internal/testutil/mock_repos.go:1452.94,1456.28 4 0
github.com/veilence/veilence-mx/backend/internal/testutil/mock_repos.go:1456.28,1458.3 1 0
github.com/veilence/veilence-mx/backend/internal/testutil/mock_repos.go:1459.2,1464.12 6 0
github.com/veilence/veilence-mx/backend/internal/testutil/mock_repos.go:1467.142,1471.38 4 0
github.com/veilence/veilence-mx/backend/internal/testutil/mock_repos.go:1471.38,1473.3 1 0
github.com/veilence/veilence-mx/backend/internal/testutil/mock_repos.go:1474.2,1475.36 2 0
github.com/veilence/veilence-mx/backend/internal/testutil/mock_repos.go:1475.36,1476.37 1 0
github.com/veilence/veilence-mx/backend/internal/testutil/mock_repos.go:1476.37,1477.12 1 0
github.com/veilence/veilence-mx/backend/internal/testutil/mock_repos.go:1479.3,1479.42 1 0
github.com/veilence/veilence-mx/backend/internal/testutil/mock_repos.go:1479.42,1480.12 1 0
github.com/veilence/veilence-mx/backend/internal/testutil/mock_repos.go:1482.3,1482.29 1 0
github.com/veilence/veilence-mx/backend/internal/testutil/mock_repos.go:1482.29,1483.12 1 0
github.com/veilence/veilence-mx/backend/internal/testutil/mock_repos.go:1485.3,1485.30 1 0
github.com/veilence/veilence-mx/backend/internal/testutil/mock_repos.go:1487.2,1487.20 1 0
github.com/veilence/veilence-mx/backend/internal/testutil/mock_repos.go:1490.98,1494.30 4 0
github.com/veilence/veilence-mx/backend/internal/testutil/mock_repos.go:1494.30,1496.3 1 0
github.com/veilence/veilence-mx/backend/internal/testutil/mock_repos.go:1497.2,1498.9 2 0
github.com/veilence/veilence-mx/backend/internal/testutil/mock_repos.go:1498.9,1500.3 1 0
github.com/veilence/veilence-mx/backend/internal/testutil/mock_repos.go:1501.2,1501.41 1 0
github.com/veilence/veilence-mx/backend/internal/testutil/mock_repos.go:1501.41,1503.3 1 0
github.com/veilence/veilence-mx/backend/internal/testutil/mock_repos.go:1504.2,1505.15 2 0
github.com/veilence/veilence-mx/backend/internal/testutil/mock_repos.go:1508.104,1512.33 4 0
github.com/veilence/veilence-mx/backend/internal/testutil/mock_repos.go:1512.33,1514.3 1 0
github.com/veilence/veilence-mx/backend/internal/testutil/mock_repos.go:1515.2,1516.36 2 0
github.com/veilence/veilence-mx/backend/internal/testutil/mock_repos.go:1516.36,1517.37 1 0
github.com/veilence/veilence-mx/backend/internal/testutil/mock_repos.go:1517.37,1518.12 1 0
github.com/veilence/veilence-mx/backend/internal/testutil/mock_repos.go:1520.3,1520.42 1 0
github.com/veilence/veilence-mx/backend/internal/testutil/mock_repos.go:1520.42,1521.12 1 0
github.com/veilence/veilence-mx/backend/internal/testutil/mock_repos.go:1523.3,1523.16 1 0
github.com/veilence/veilence-mx/backend/internal/testutil/mock_repos.go:1523.16,1526.4 2 0
github.com/veilence/veilence-mx/backend/internal/testutil/mock_repos.go:1528.2,1528.19 1 0
github.com/veilence/veilence-mx/backend/internal/testutil/mock_repos.go:1531.104,1535.33 4 0
github.com/veilence/veilence-mx/backend/internal/testutil/mock_repos.go:1535.33,1537.3 1 0
github.com/veilence/veilence-mx/backend/internal/testutil/mock_repos.go:1538.2,1539.36 2 0
github.com/veilence/veilence-mx/backend/internal/testutil/mock_repos.go:1539.36,1540.37 1 0
github.com/veilence/veilence-mx/backend/internal/testutil/mock_repos.go:1540.37,1541.12 1 0
github.com/veilence/veilence-mx/backend/internal/testutil/mock_repos.go:1543.3,1543.42 1 0
github.com/veilence/veilence-mx/backend/internal/testutil/mock_repos.go:1543.42,1544.12 1 0
github.com/veilence/veilence-mx/backend/internal/testutil/mock_repos.go:1546.3,1546.16 1 0
github.com/veilence/veilence-mx/backend/internal/testutil/mock_repos.go:1546.16,1548.4 1 0
github.com/veilence/veilence-mx/backend/internal/testutil/mock_repos.go:1550.2,1550.19 1 0
github.com/veilence/veilence-mx/backend/internal/testutil/mock_repos.go:1585.56,1587.2 1 1
github.com/veilence/veilence-mx/backend/internal/testutil/mock_repos.go:1589.95,1593.30 4 0
github.com/veilence/veilence-mx/backend/internal/testutil/mock_repos.go:1593.30,1595.3 1 0
github.com/veilence/veilence-mx/backend/internal/testutil/mock_repos.go:1596.2,1597.9 2 0
github.com/veilence/veilence-mx/backend/internal/testutil/mock_repos.go:1597.9,1599.3 1 0
github.com/veilence/veilence-mx/backend/internal/testutil/mock_repos.go:1600.2,1601.20 2 0
github.com/veilence/veilence-mx/backend/internal/testutil/mock_repos.go:1604.104,1608.34 4 2
github.com/veilence/veilence-mx/backend/internal/testutil/mock_repos.go:1608.34,1610.3 1 0
github.com/veilence/veilence-mx/backend/internal/testutil/mock_repos.go:1611.2,1612.31 2 2
github.com/veilence/veilence-mx/backend/internal/testutil/mock_repos.go:1612.31,1613.25 1 1
github.com/veilence/veilence-mx/backend/internal/testutil/mock_repos.go:1613.25,1615.4 1 1
github.com/veilence/veilence-mx/backend/internal/testutil/mock_repos.go:1617.2,1617.20 1 2
github.com/veilence/veilence-mx/backend/internal/testutil/mock_repos.go:1620.106,1624.37 4 0
github.com/veilence/veilence-mx/backend/internal/testutil/mock_repos.go:1624.37,1626.3 1 0
github.com/veilence/veilence-mx/backend/internal/testutil/mock_repos.go:1627.2,1627.31 1 0
github.com/veilence/veilence-mx/backend/internal/testutil/mock_repos.go:1627.31,1628.26 1 0
github.com/veilence/veilence-mx/backend/internal/testutil/mock_repos.go:1628.26,1631.4 2 0
github.com/veilence/veilence-mx/backend/internal/testutil/mock_repos.go:1633.2,1633.45 1 0
github.com/veilence/veilence-mx/backend/internal/testutil/mock_repos.go:1636.90,1640.28 4 1
github.com/veilence/veilence-mx/backend/internal/testutil/mock_repos.go:1640.28,1642.3 1 0
github.com/veilence/veilence-mx/backend/internal/testutil/mock_repos.go:1643.2,1648.12 6 1
github.com/veilence/veilence-mx/backend/internal/testutil/mock_repos.go:1651.106,1655.38 4 0
github.com/veilence/veilence-mx/backend/internal/testutil/mock_repos.go:1655.38,1657.3 1 0
github.com/veilence/veilence-mx/backend/internal/testutil/mock_repos.go:1658.2,1659.9 2 0
github.com/veilence/veilence-mx/backend/internal/testutil/mock_repos.go:1659.9,1661.3 1 0
github.com/veilence/veilence-mx/backend/internal/testutil/mock_repos.go:1662.2,1663.12 2 0
github.com/veilence/veilence-mx/backend/internal/testutil/mock_repos.go:1666.74,1670.28 4 1
github.com/veilence/veilence-mx/backend/internal/testutil/mock_repos.go:1670.28,1672.3 1 0
github.com/veilence/veilence-mx/backend/internal/testutil/mock_repos.go:1673.2,1674.12 2 1
github.com/veilence/veilence-mx/backend/internal/testutil/mock_repos.go:1677.81,1681.35 4 0
github.com/veilence/veilence-mx/backend/internal/testutil/mock_repos.go:1681.35,1683.3 1 0
github.com/veilence/veilence-mx/backend/internal/testutil/mock_repos.go:1684.2,1686.32 3 0
github.com/veilence/veilence-mx/backend/internal/testutil/mock_repos.go:1686.32,1687.30 1 0
github.com/veilence/veilence-mx/backend/internal/testutil/mock_repos.go:1687.30,1690.4 2 0
github.com/veilence/veilence-mx/backend/internal/testutil/mock_repos.go:1692.2,1692.19 1 0
github.com/veilence/veilence-mx/backend/internal/testutil/mock_repos.go:1695.94,1699.35 4 0
github.com/veilence/veilence-mx/backend/internal/testutil/mock_repos.go:1699.35,1701.3 1 0
github.com/veilence/veilence-mx/backend/internal/testutil/mock_repos.go:1702.2,1703.31 2 0
github.com/veilence/veilence-mx/backend/internal/testutil/mock_repos.go:1703.31,1704.25 1 0
github.com/veilence/veilence-mx/backend/internal/testutil/mock_repos.go:1704.25,1706.4 1 0
github.com/veilence/veilence-mx/backend/internal/testutil/mock_repos.go:1708.2,1708.19 1 0
github.com/veilence/veilence-mx/backend/internal/testutil/mock_repos.go:1711.92,1715.42 4 0
github.com/veilence/veilence-mx/backend/internal/testutil/mock_repos.go:1715.42,1717.3 1 0
github.com/veilence/veilence-mx/backend/internal/testutil/mock_repos.go:1718.2,1721.31 4 0
github.com/veilence/veilence-mx/backend/internal/testutil/mock_repos.go:1721.31,1722.25 1 0
github.com/veilence/veilence-mx/backend/internal/testutil/mock_repos.go:1722.25,1723.47 1 0
github.com/veilence/veilence-mx/backend/internal/testutil/mock_repos.go:1723.47,1727.5 3 0
github.com/veilence/veilence-mx/backend/internal/testutil/mock_repos.go:1730.2,1730.12 1 0
github.com/veilence/veilence-mx/backend/internal/testutil/mock_repos.go:1730.12,1732.3 1 0
github.com/veilence/veilence-mx/backend/internal/testutil/mock_repos.go:1733.2,1733.12 1 0
github.com/veilence/veilence-mx/backend/internal/testutil/mock_repos.go:1756.58,1758.2 1 0
github.com/veilence/veilence-mx/backend/internal/testutil/mock_repos.go:1760.90,1764.28 4 0
github.com/veilence/veilence-mx/backend/internal/testutil/mock_repos.go:1764.28,1766.3 1 0
github.com/veilence/veilence-mx/backend/internal/testutil/mock_repos.go:1767.2,1772.12 6 0
github.com/veilence/veilence-mx/backend/internal/testutil/mock_repos.go:1775.154,1779.33 4 0
github.com/veilence/veilence-mx/backend/internal/testutil/mock_repos.go:1779.33,1781.3 1 0
github.com/veilence/veilence-mx/backend/internal/testutil/mock_repos.go:1782.2,1783.27 2 0
github.com/veilence/veilence-mx/backend/internal/testutil/mock_repos.go:1783.27,1784.23 1 0
github.com/veilence/veilence-mx/backend/internal/testutil/mock_repos.go:1784.23,1786.4 1 0
github.com/veilence/veilence-mx/backend/internal/testutil/mock_repos.go:1788.2,1790.25 3 0
github.com/veilence/veilence-mx/backend/internal/testutil/mock_repos.go:1790.25,1792.3 1 0
github.com/veilence/veilence-mx/backend/internal/testutil/mock_repos.go:1793.2,1794.23 2 0
github.com/veilence/veilence-mx/backend/internal/testutil/mock_repos.go:1794.23,1796.3 1 0
github.com/veilence/veilence-mx/backend/internal/testutil/mock_repos.go:1797.2,1797.38 1 0
github.com/veilence/veilence-mx/backend/internal/testutil/mock_repos.go:1800.97,1804.30 4 0
github.com/veilence/veilence-mx/backend/internal/testutil/mock_repos.go:1804.30,1806.3 1 0
github.com/veilence/veilence-mx/backend/internal/testutil/mock_repos.go:1807.2,1808.9 2 0
github.com/veilence/veilence-mx/backend/internal/testutil/mock_repos.go:1808.9,1810.3 1 0
github.com/veilence/veilence-mx/backend/internal/testutil/mock_repos.go:1811.2,1812.20 2 0
github.com/veilence/veilence-mx/backend/internal/testutil/mock_repos.go:1837.50,1839.2 1 0
github.com/veilence/veilence-mx/backend/internal/testutil/mock_repos.go:1841.89,1845.30 4 0
github.com/veilence/veilence-mx/backend/internal/testutil/mock_repos.go:1845.30,1847.3 1 0
github.com/veilence/veilence-mx/backend/internal/testutil/mock_repos.go:1848.2,1849.9 2 0
github.com/veilence/veilence-mx/backend/internal/testutil/mock_repos.go:1849.9,1851.3 1 0
github.com/veilence/veilence-mx/backend/internal/testutil/mock_repos.go:1852.2,1853.20 2 0
github.com/veilence/veilence-mx/backend/internal/testutil/mock_repos.go:1856.102,1860.36 4 0
github.com/veilence/veilence-mx/backend/internal/testutil/mock_repos.go:1860.36,1862.3 1 0
github.com/veilence/veilence-mx/backend/internal/testutil/mock_repos.go:1863.2,1864.29 2 0
github.com/veilence/veilence-mx/backend/internal/testutil/mock_repos.go:1864.29,1866.3 1 0
github.com/veilence/veilence-mx/backend/internal/testutil/mock_repos.go:1867.2,1868.20 2 0
github.com/veilence/veilence-mx/backend/internal/testutil/mock_repos.go:1871.96,1875.33 4 0
github.com/veilence/veilence-mx/backend/internal/testutil/mock_repos.go:1875.33,1877.3 1 0
github.com/veilence/veilence-mx/backend/internal/testutil/mock_repos.go:1878.2,1879.28 2 0
github.com/veilence/veilence-mx/backend/internal/testutil/mock_repos.go:1879.28,1880.23 1 0
github.com/veilence/veilence-mx/backend/internal/testutil/mock_repos.go:1880.23,1882.4 1 0
github.com/veilence/veilence-mx/backend/internal/testutil/mock_repos.go:1884.2,1884.20 1 0
github.com/veilence/veilence-mx/backend/internal/testutil/mock_repos.go:1887.81,1891.28 4 0
github.com/veilence/veilence-mx/backend/internal/testutil/mock_repos.go:1891.28,1893.3 1 0
github.com/veilence/veilence-mx/backend/internal/testutil/mock_repos.go:1894.2,1900.12 7 0
github.com/veilence/veilence-mx/backend/internal/testutil/mock_repos.go:1925.62,1931.2 1 0
github.com/veilence/veilence-mx/backend/internal/testutil/mock_repos.go:1933.92,1937.29 4 0
github.com/veilence/veilence-mx/backend/internal/testutil/mock_repos.go:1937.29,1939.3 1 0
github.com/veilence/veilence-mx/backend/internal/testutil/mock_repos.go:1940.2,1941.34 2 0
github.com/veilence/veilence-mx/backend/internal/testutil/mock_repos.go:1941.34,1943.3 1 0
github.com/veilence/veilence-mx/backend/internal/testutil/mock_repos.go:1944.2,1944.20 1 0
github.com/veilence/veilence-mx/backend/internal/testutil/mock_repos.go:1947.99,1951.34 4 0
github.com/veilence/veilence-mx/backend/internal/testutil/mock_repos.go:1951.34,1953.3 1 0
github.com/veilence/veilence-mx/backend/internal/testutil/mock_repos.go:1954.2,1954.34 1 0
github.com/veilence/veilence-mx/backend/internal/testutil/mock_repos.go:1954.34,1955.61 1 0
github.com/veilence/veilence-mx/backend/internal/testutil/mock_repos.go:1955.61,1958.4 2 0
github.com/veilence/veilence-mx/backend/internal/testutil/mock_repos.go:1960.2,1964.12 5 0
github.com/veilence/veilence-mx/backend/internal/testutil/mock_repos.go:1967.134,1971.41 4 0
github.com/veilence/veilence-mx/backend/internal/testutil/mock_repos.go:1971.41,1973.3 1 0
github.com/veilence/veilence-mx/backend/internal/testutil/mock_repos.go:1974.2,1975.36 2 0
github.com/veilence/veilence-mx/backend/internal/testutil/mock_repos.go:1998.62,2000.2 1 0
github.com/veilence/veilence-mx/backend/internal/testutil/mock_repos.go:2002.112,2006.37 4 0
github.com/veilence/veilence-mx/backend/internal/testutil/mock_repos.go:2006.37,2008.3 1 0
github.com/veilence/veilence-mx/backend/internal/testutil/mock_repos.go:2009.2,2009.36 1 0
github.com/veilence/veilence-mx/backend/internal/testutil/mock_repos.go:2009.36,2010.28 1 0
github.com/veilence/veilence-mx/backend/internal/testutil/mock_repos.go:2010.28,2013.4 2 0
github.com/veilence/veilence-mx/backend/internal/testutil/mock_repos.go:2015.2,2015.48 1 0
github.com/veilence/veilence-mx/backend/internal/testutil/mock_repos.go:2018.92,2022.28 4 0
github.com/veilence/veilence-mx/backend/internal/testutil/mock_repos.go:2022.28,2024.3 1 0
github.com/veilence/veilence-mx/backend/internal/testutil/mock_repos.go:2025.2,2030.12 6 0
github.com/veilence/veilence-mx/backend/internal/testutil/mock_repos.go:2033.92,2037.28 4 0
github.com/veilence/veilence-mx/backend/internal/testutil/mock_repos.go:2037.28,2039.3 1 0
github.com/veilence/veilence-mx/backend/internal/testutil/mock_repos.go:2040.2,2040.41 1 0
github.com/veilence/veilence-mx/backend/internal/testutil/mock_repos.go:2040.41,2042.3 1 0
github.com/veilence/veilence-mx/backend/internal/testutil/mock_repos.go:2043.2,2045.12 3 0
github.com/veilence/veilence-mx/backend/internal/testutil/mock_repos.go:2070.78,2072.2 1 0
github.com/veilence/veilence-mx/backend/internal/testutil/mock_repos.go:2074.128,2078.37 4 0
github.com/veilence/veilence-mx/backend/internal/testutil/mock_repos.go:2078.37,2080.3 1 0
github.com/veilence/veilence-mx/backend/internal/testutil/mock_repos.go:2081.2,2081.29 1 0
github.com/veilence/veilence-mx/backend/internal/testutil/mock_repos.go:2081.29,2082.26 1 0
github.com/veilence/veilence-mx/backend/internal/testutil/mock_repos.go:2082.26,2085.4 2 0
github.com/veilence/veilence-mx/backend/internal/testutil/mock_repos.go:2087.2,2087.58 1 0
github.com/veilence/veilence-mx/backend/internal/testutil/mock_repos.go:2090.110,2094.28 4 0
github.com/veilence/veilence-mx/backend/internal/testutil/mock_repos.go:2094.28,2096.3 1 0
github.com/veilence/veilence-mx/backend/internal/testutil/mock_repos.go:2097.2,2102.12 6 0
github.com/veilence/veilence-mx/backend/internal/testutil/mock_repos.go:2105.87,2109.30 4 0
github.com/veilence/veilence-mx/backend/internal/testutil/mock_repos.go:2109.30,2111.3 1 0
github.com/veilence/veilence-mx/backend/internal/testutil/mock_repos.go:2112.2,2113.9 2 0
github.com/veilence/veilence-mx/backend/internal/testutil/mock_repos.go:2113.9,2115.3 1 0
github.com/veilence/veilence-mx/backend/internal/testutil/mock_repos.go:2116.2,2118.12 3 0
github.com/veilence/veilence-mx/backend/internal/testutil/mock_repos.go:2121.104,2125.43 4 0
github.com/veilence/veilence-mx/backend/internal/testutil/mock_repos.go:2125.43,2127.3 1 0
github.com/veilence/veilence-mx/backend/internal/testutil/mock_repos.go:2128.2,2129.30 2 0
github.com/veilence/veilence-mx/backend/internal/testutil/mock_repos.go:2129.30,2130.73 1 0
github.com/veilence/veilence-mx/backend/internal/testutil/mock_repos.go:2130.73,2132.4 1 0
github.com/veilence/veilence-mx/backend/internal/testutil/mock_repos.go:2134.2,2134.12 1 0
github.com/veilence/veilence-mx/backend/internal/testutil/mock_repos.go:2159.86,2161.2 1 0
github.com/veilence/veilence-mx/backend/internal/testutil/mock_repos.go:2163.136,2167.37 4 0
github.com/veilence/veilence-mx/backend/internal/testutil/mock_repos.go:2167.37,2169.3 1 0
github.com/veilence/veilence-mx/backend/internal/testutil/mock_repos.go:2170.2,2170.29 1 0
github.com/veilence/veilence-mx/backend/internal/testutil/mock_repos.go:2170.29,2171.26 1 0
github.com/veilence/veilence-mx/backend/internal/testutil/mock_repos.go:2171.26,2174.4 2 0
github.com/veilence/veilence-mx/backend/internal/testutil/mock_repos.go:2176.2,2176.62 1 0
github.com/veilence/veilence-mx/backend/internal/testutil/mock_repos.go:2179.118,2183.28 4 0
github.com/veilence/veilence-mx/backend/internal/testutil/mock_repos.go:2183.28,2185.3 1 0
github.com/veilence/veilence-mx/backend/internal/testutil/mock_repos.go:2186.2,2191.12 6 0
github.com/veilence/veilence-mx/backend/internal/testutil/mock_repos.go:2194.89,2198.28 4 0
github.com/veilence/veilence-mx/backend/internal/testutil/mock_repos.go:2198.28,2200.3 1 0
github.com/veilence/veilence-mx/backend/internal/testutil/mock_repos.go:2201.2,2202.12 2 0
github.com/veilence/veilence-mx/backend/internal/testutil/mock_repos.go:2205.101,2209.36 4 0
github.com/veilence/veilence-mx/backend/internal/testutil/mock_repos.go:2209.36,2211.3 1 0
github.com/veilence/veilence-mx/backend/internal/testutil/mock_repos.go:2212.2,2212.30 1 0
github.com/veilence/veilence-mx/backend/internal/testutil/mock_repos.go:2212.30,2213.25 1 0
github.com/veilence/veilence-mx/backend/internal/testutil/mock_repos.go:2213.25,2215.4 1 0
github.com/veilence/veilence-mx/backend/internal/testutil/mock_repos.go:2217.2,2217.12 1 0
github.com/veilence/veilence-mx/backend/internal/testutil/server.go:37.31,39.2 1 0
github.com/veilence/veilence-mx/backend/internal/testutil/server.go:42.36,44.2 1 0
github.com/veilence/veilence-mx/backend/internal/testutil/server.go:49.33,51.2 1 0
github.com/veilence/veilence-mx/backend/internal/testutil/server.go:60.52,70.2 1 2
github.com/veilence/veilence-mx/backend/internal/testutil/server.go:78.70,80.2 1 1
github.com/veilence/veilence-mx/backend/internal/testutil/server.go:88.60,89.46 1 1
github.com/veilence/veilence-mx/backend/internal/testutil/server.go:89.46,90.72 1 0
github.com/veilence/veilence-mx/backend/internal/testutil/server.go:90.72,93.4 2 0
github.com/veilence/veilence-mx/backend/internal/testutil/server.go:100.86,102.46 2 0
github.com/veilence/veilence-mx/backend/internal/testutil/server.go:102.46,103.79 1 0
github.com/veilence/veilence-mx/backend/internal/testutil/server.go:103.79,106.4 2 0
github.com/veilence/veilence-mx/backend/internal/testutil/server.go:116.132,126.2 6 1
github.com/veilence/veilence-mx/backend/internal/testutil/server.go:134.90,136.16 2 1
github.com/veilence/veilence-mx/backend/internal/testutil/server.go:136.16,138.3 1 0
github.com/veilence/veilence-mx/backend/internal/testutil/server.go:139.2,142.12 4 1
github.com/veilence/veilence-mx/backend/internal/testutil/server.go:146.89,148.16 2 0
github.com/veilence/veilence-mx/backend/internal/testutil/server.go:148.16,150.3 1 0
github.com/veilence/veilence-mx/backend/internal/testutil/server.go:151.2,154.12 4 0
github.com/veilence/veilence-mx/backend/internal/testutil/server.go:158.28,160.2 1 2
github.com/veilence/veilence-mx/backend/internal/analyzer/analyzer.go:65.37,66.50 1 5
github.com/veilence/veilence-mx/backend/internal/analyzer/analyzer.go:66.50,70.30 3 0
github.com/veilence/veilence-mx/backend/internal/analyzer/analyzer.go:70.30,72.4 1 0
github.com/veilence/veilence-mx/backend/internal/analyzer/analyzer.go:74.2,74.27 1 5
github.com/veilence/veilence-mx/backend/internal/analyzer/analyzer.go:74.27,76.3 1 0
github.com/veilence/veilence-mx/backend/internal/analyzer/analyzer.go:77.2,77.27 1 5
github.com/veilence/veilence-mx/backend/internal/analyzer/analyzer.go:77.27,79.3 1 0
github.com/veilence/veilence-mx/backend/internal/analyzer/cli_client.go:37.54,38.26 1 12
github.com/veilence/veilence-mx/backend/internal/analyzer/cli_client.go:38.26,40.3 1 2
github.com/veilence/veilence-mx/backend/internal/analyzer/cli_client.go:41.2,41.24 1 12
github.com/veilence/veilence-mx/backend/internal/analyzer/cli_client.go:41.24,43.3 1 12
github.com/veilence/veilence-mx/backend/internal/analyzer/cli_client.go:44.2,44.28 1 12
github.com/veilence/veilence-mx/backend/internal/analyzer/cli_client.go:44.28,46.3 1 11
github.com/veilence/veilence-mx/backend/internal/analyzer/cli_client.go:47.2,47.30 1 12
github.com/veilence/veilence-mx/backend/internal/analyzer/cli_client.go:47.30,49.3 1 2
github.com/veilence/veilence-mx/backend/internal/analyzer/cli_client.go:50.2,56.3 1 12
github.com/veilence/veilence-mx/backend/internal/analyzer/cli_client.go:60.35,62.2 1 2
github.com/veilence/veilence-mx/backend/internal/analyzer/cli_client.go:84.155,86.9 1 10
github.com/veilence/veilence-mx/backend/internal/analyzer/cli_client.go:87.23,87.23 0 9
github.com/veilence/veilence-mx/backend/internal/analyzer/cli_client.go:88.20,89.24 1 1
github.com/veilence/veilence-mx/backend/internal/analyzer/cli_client.go:93.2,94.30 2 9
github.com/veilence/veilence-mx/backend/internal/analyzer/cli_client.go:94.30,97.3 2 1
github.com/veilence/veilence-mx/backend/internal/analyzer/cli_client.go:99.2,103.15 2 9
github.com/veilence/veilence-mx/backend/internal/analyzer/cli_client.go:103.15,105.3 1 1
github.com/veilence/veilence-mx/backend/internal/analyzer/cli_client.go:107.2,117.16 3 9
github.com/veilence/veilence-mx/backend/internal/analyzer/cli_client.go:117.16,119.3 1 0
github.com/veilence/veilence-mx/backend/internal/analyzer/cli_client.go:121.2,126.34 4 9
github.com/veilence/veilence-mx/backend/internal/analyzer/cli_client.go:126.34,128.17 2 13
github.com/veilence/veilence-mx/backend/internal/analyzer/cli_client.go:128.17,130.4 1 0
github.com/veilence/veilence-mx/backend/internal/analyzer/cli_client.go:131.3,135.17 4 13
github.com/veilence/veilence-mx/backend/internal/analyzer/cli_client.go:135.17,137.4 1 0
github.com/veilence/veilence-mx/backend/internal/analyzer/cli_client.go:139.3,139.52 1 13
github.com/veilence/veilence-mx/backend/internal/analyzer/cli_client.go:139.52,141.30 2 5
github.com/veilence/veilence-mx/backend/internal/analyzer/cli_client.go:141.30,144.12 3 4
github.com/veilence/veilence-mx/backend/internal/analyzer/cli_client.go:145.32,146.14 1 4
github.com/veilence/veilence-mx/backend/internal/analyzer/cli_client.go:147.23,148.27 1 0
github.com/veilence/veilence-mx/backend/internal/analyzer/cli_client.go:151.4,151.83 1 1
github.com/veilence/veilence-mx/backend/internal/analyzer/cli_client.go:154.3,154.39 1 8
github.com/veilence/veilence-mx/backend/internal/analyzer/cli_client.go:154.39,158.4 3 1
github.com/veilence/veilence-mx/backend/internal/analyzer/cli_client.go:160.3,160.70 1 7
github.com/veilence/veilence-mx/backend/internal/analyzer/cli_client.go:160.70,163.4 2 0
github.com/veilence/veilence-mx/backend/internal/analyzer/cli_client.go:164.3,165.8 2 7
github.com/veilence/veilence-mx/backend/internal/analyzer/cli_client.go:168.2,168.32 1 7
github.com/veilence/veilence-mx/backend/internal/analyzer/cli_client.go:168.32,170.3 1 1
github.com/veilence/veilence-mx/backend/internal/analyzer/cli_client.go:172.2,175.69 3 6
github.com/veilence/veilence-mx/backend/internal/analyzer/cli_client.go:175.69,179.32 3 2
github.com/veilence/veilence-mx/backend/internal/analyzer/cli_client.go:179.32,180.86 1 1
github.com/veilence/veilence-mx/backend/internal/analyzer/cli_client.go:180.86,184.5 3 1
github.com/veilence/veilence-mx/backend/internal/analyzer/cli_client.go:186.3,191.9 1 1
github.com/veilence/veilence-mx/backend/internal/analyzer/cli_client.go:194.2,196.21 3 4
github.com/veilence/veilence-mx/backend/internal/analyzer/pipeline.go:21.64,26.2 1 5
github.com/veilence/veilence-mx/backend/internal/analyzer/pipeline.go:29.74,31.2 1 5
github.com/veilence/veilence-mx/backend/internal/analyzer/pipeline.go:34.72,36.83 2 5
github.com/veilence/veilence-mx/backend/internal/analyzer/pipeline.go:36.83,38.3 1 0
github.com/veilence/veilence-mx/backend/internal/analyzer/pipeline.go:41.2,42.75 2 5
github.com/veilence/veilence-mx/backend/internal/analyzer/pipeline.go:42.75,44.3 1 0
github.com/veilence/veilence-mx/backend/internal/analyzer/pipeline.go:46.2,51.39 4 5
github.com/veilence/veilence-mx/backend/internal/analyzer/pipeline.go:51.39,60.17 2 6
github.com/veilence/veilence-mx/backend/internal/analyzer/pipeline.go:60.17,63.12 3 1
github.com/veilence/veilence-mx/backend/internal/analyzer/pipeline.go:67.3,77.54 2 5
github.com/veilence/veilence-mx/backend/internal/analyzer/pipeline.go:77.54,80.12 3 0
github.com/veilence/veilence-mx/backend/internal/analyzer/pipeline.go:83.3,94.84 3 5
github.com/veilence/veilence-mx/backend/internal/analyzer/pipeline.go:94.84,96.44 2 3
github.com/veilence/veilence-mx/backend/internal/analyzer/pipeline.go:96.44,98.5 1 1
github.com/veilence/veilence-mx/backend/internal/analyzer/pipeline.go:100.4,109.52 2 3
github.com/veilence/veilence-mx/backend/internal/analyzer/pipeline.go:109.52,111.5 1 0
github.com/veilence/veilence-mx/backend/internal/analyzer/pipeline.go:111.10,117.5 1 3
github.com/veilence/veilence-mx/backend/internal/analyzer/pipeline.go:122.2,122.22 1 5
github.com/veilence/veilence-mx/backend/internal/analyzer/pipeline.go:122.22,124.3 1 1
github.com/veilence/veilence-mx/backend/internal/analyzer/pipeline.go:127.2,129.12 2 4
github.com/veilence/veilence-mx/backend/internal/auth/middleware.go:39.70,42.82 3 4
github.com/veilence/veilence-mx/backend/internal/auth/middleware.go:42.82,44.3 1 0
github.com/veilence/veilence-mx/backend/internal/auth/middleware.go:51.63,52.46 1 6
github.com/veilence/veilence-mx/backend/internal/auth/middleware.go:52.46,53.72 1 6
github.com/veilence/veilence-mx/backend/internal/auth/middleware.go:53.72,55.69 1 6
github.com/veilence/veilence-mx/backend/internal/auth/middleware.go:55.69,56.72 1 3
github.com/veilence/veilence-mx/backend/internal/auth/middleware.go:56.72,58.20 2 2
github.com/veilence/veilence-mx/backend/internal/auth/middleware.go:58.20,62.7 3 1
github.com/veilence/veilence-mx/backend/internal/auth/middleware.go:64.6,68.12 5 1
github.com/veilence/veilence-mx/backend/internal/auth/middleware.go:73.4,73.57 1 4
github.com/veilence/veilence-mx/backend/internal/auth/middleware.go:73.57,75.19 2 2
github.com/veilence/veilence-mx/backend/internal/auth/middleware.go:75.19,79.6 3 1
github.com/veilence/veilence-mx/backend/internal/auth/middleware.go:82.5,82.37 1 1
github.com/veilence/veilence-mx/backend/internal/auth/middleware.go:82.37,86.6 3 0
github.com/veilence/veilence-mx/backend/internal/auth/middleware.go:88.5,93.11 6 1
github.com/veilence/veilence-mx/backend/internal/auth/middleware.go:96.4,96.75 1 2
github.com/veilence/veilence-mx/backend/internal/auth/middleware.go:103.50,104.53 1 2
github.com/veilence/veilence-mx/backend/internal/auth/middleware.go:104.53,106.3 1 2
github.com/veilence/veilence-mx/backend/internal/auth/middleware.go:107.2,107.10 1 0
github.com/veilence/veilence-mx/backend/internal/auth/middleware.go:112.51,113.54 1 2
github.com/veilence/veilence-mx/backend/internal/auth/middleware.go:113.54,115.3 1 2
github.com/veilence/veilence-mx/backend/internal/auth/middleware.go:116.2,116.11 1 0
github.com/veilence/veilence-mx/backend/internal/auth/middleware.go:121.56,122.59 1 0
github.com/veilence/veilence-mx/backend/internal/auth/middleware.go:122.59,124.3 1 0
github.com/veilence/veilence-mx/backend/internal/auth/middleware.go:125.2,125.11 1 0
github.com/veilence/veilence-mx/backend/internal/auth/middleware.go:130.69,131.72 1 0
github.com/veilence/veilence-mx/backend/internal/auth/middleware.go:131.72,133.3 1 0
github.com/veilence/veilence-mx/backend/internal/auth/middleware.go:134.2,134.11 1 0
github.com/veilence/veilence-mx/backend/internal/auth/service.go:88.12,90.36 2 68
github.com/veilence/veilence-mx/backend/internal/auth/service.go:90.36,91.14 1 8
github.com/veilence/veilence-mx/backend/internal/auth/service.go:91.14,93.4 1 8
github.com/veilence/veilence-mx/backend/internal/auth/service.go:95.2,104.3 1 68
github.com/veilence/veilence-mx/backend/internal/auth/service.go:110.44,113.2 2 42
github.com/veilence/veilence-mx/backend/internal/auth/service.go:116.52,118.16 2 49
github.com/veilence/veilence-mx/backend/internal/auth/service.go:118.16,120.3 1 0
github.com/veilence/veilence-mx/backend/internal/auth/service.go:121.2,121.26 1 49
github.com/veilence/veilence-mx/backend/internal/auth/service.go:125.48,128.2 2 11
github.com/veilence/veilence-mx/backend/internal/auth/service.go:131.95,136.16 3 48
github.com/veilence/veilence-mx/backend/internal/auth/service.go:136.16,138.3 1 1
github.com/veilence/veilence-mx/backend/internal/auth/service.go:140.2,140.41 1 47
github.com/veilence/veilence-mx/backend/internal/auth/service.go:140.41,142.3 1 0
github.com/veilence/veilence-mx/backend/internal/auth/service.go:144.2,145.16 2 47
github.com/veilence/veilence-mx/backend/internal/auth/service.go:145.16,147.3 1 0
github.com/veilence/veilence-mx/backend/internal/auth/service.go:149.2,157.50 2 47
github.com/veilence/veilence-mx/backend/internal/auth/service.go:157.50,159.3 1 0
github.com/veilence/veilence-mx/backend/internal/auth/service.go:161.2,162.18 2 47
github.com/veilence/veilence-mx/backend/internal/auth/service.go:166.83,170.16 3 13
github.com/veilence/veilence-mx/backend/internal/auth/service.go:170.16,172.3 1 1
github.com/veilence/veilence-mx/backend/internal/auth/service.go:174.2,174.20 1 12
github.com/veilence/veilence-mx/backend/internal/auth/service.go:174.20,176.3 1 1
github.com/veilence/veilence-mx/backend/internal/auth/service.go:178.2,178.49 1 11
github.com/veilence/veilence-mx/backend/internal/auth/service.go:178.49,180.3 1 2
github.com/veilence/veilence-mx/backend/internal/auth/service.go:182.2,183.16 2 9
github.com/veilence/veilence-mx/backend/internal/auth/service.go:183.16,185.3 1 0
github.com/veilence/veilence-mx/backend/internal/auth/service.go:188.2,193.26 5 9
github.com/veilence/veilence-mx/backend/internal/auth/service.go:197.74,205.16 4 6
github.com/veilence/veilence-mx/backend/internal/auth/service.go:205.16,207.3 1 3
github.com/veilence/veilence-mx/backend/internal/auth/service.go:210.2,210.40 1 3
github.com/veilence/veilence-mx/backend/internal/auth/service.go:210.40,213.3 2 0
github.com/veilence/veilence-mx/backend/internal/auth/service.go:216.2,217.16 2 3
github.com/veilence/veilence-mx/backend/internal/auth/service.go:217.16,219.3 1 0
github.com/veilence/veilence-mx/backend/internal/auth/service.go:221.2,221.20 1 3
github.com/veilence/veilence-mx/backend/internal/auth/service.go:221.20,223.3 1 1
github.com/veilence/veilence-mx/backend/internal/auth/service.go:226.2,230.16 3 2
github.com/veilence/veilence-mx/backend/internal/auth/service.go:230.16,232.3 1 0
github.com/veilence/veilence-mx/backend/internal/auth/service.go:234.2,235.20 2 2
github.com/veilence/veilence-mx/backend/internal/auth/service.go:239.53,245.74 3 2
github.com/veilence/veilence-mx/backend/internal/auth/service.go:245.74,247.3 1 0
github.com/veilence/veilence-mx/backend/internal/auth/service.go:248.2,248.12 1 2
github.com/veilence/veilence-mx/backend/internal/auth/service.go:254.76,257.16 2 13
github.com/veilence/veilence-mx/backend/internal/auth/service.go:257.16,259.3 1 5
github.com/veilence/veilence-mx/backend/internal/auth/service.go:262.2,262.50 1 8
github.com/veilence/veilence-mx/backend/internal/auth/service.go:262.50,264.21 2 5
github.com/veilence/veilence-mx/backend/internal/auth/service.go:264.21,267.4 2 3
github.com/veilence/veilence-mx/backend/internal/auth/service.go:271.2,271.17 1 5
github.com/veilence/veilence-mx/backend/internal/auth/service.go:275.95,277.93 2 18
github.com/veilence/veilence-mx/backend/internal/auth/service.go:277.93,278.58 1 17
github.com/veilence/veilence-mx/backend/internal/auth/service.go:278.58,280.4 1 0
github.com/veilence/veilence-mx/backend/internal/auth/service.go:281.3,281.21 1 17
github.com/veilence/veilence-mx/backend/internal/auth/service.go:283.2,283.16 1 18
github.com/veilence/veilence-mx/backend/internal/auth/service.go:283.16,285.3 1 10
github.com/veilence/veilence-mx/backend/internal/auth/service.go:287.2,287.18 1 8
github.com/veilence/veilence-mx/backend/internal/auth/service.go:287.18,289.3 1 0
github.com/veilence/veilence-mx/backend/internal/auth/service.go:291.2,291.41 1 8
github.com/veilence/veilence-mx/backend/internal/auth/service.go:291.41,293.3 1 0
github.com/veilence/veilence-mx/backend/internal/auth/service.go:295.2,295.20 1 8
github.com/veilence/veilence-mx/backend/internal/auth/service.go:299.62,303.16 3 3
github.com/veilence/veilence-mx/backend/internal/auth/service.go:303.16,305.3 1 1
github.com/veilence/veilence-mx/backend/internal/auth/service.go:306.2,306.18 1 2
github.com/veilence/veilence-mx/backend/internal/auth/service.go:311.91,314.22 2 10
github.com/veilence/veilence-mx/backend/internal/auth/service.go:314.22,316.3 1 1
github.com/veilence/veilence-mx/backend/internal/auth/service.go:321.2,323.16 3 9
github.com/veilence/veilence-mx/backend/internal/auth/service.go:323.16,325.3 1 0
github.com/veilence/veilence-mx/backend/internal/auth/service.go:327.2,327.27 1 9
github.com/veilence/veilence-mx/backend/internal/auth/service.go:327.27,328.43 1 6
github.com/veilence/veilence-mx/backend/internal/auth/service.go:328.43,330.64 1 6
github.com/veilence/veilence-mx/backend/internal/auth/service.go:330.64,332.5 1 1
github.com/veilence/veilence-mx/backend/internal/auth/service.go:335.4,341.18 5 5
github.com/veilence/veilence-mx/backend/internal/auth/service.go:341.18,343.5 1 0
github.com/veilence/veilence-mx/backend/internal/auth/service.go:345.4,345.22 1 5
github.com/veilence/veilence-mx/backend/internal/auth/service.go:345.22,347.5 1 1
github.com/veilence/veilence-mx/backend/internal/auth/service.go:349.4,349.49 1 4
github.com/veilence/veilence-mx/backend/internal/auth/service.go:353.2,353.49 1 3
github.com/veilence/veilence-mx/backend/internal/auth/service.go:357.97,372.16 4 11
github.com/veilence/veilence-mx/backend/internal/auth/service.go:372.16,374.3 1 0
github.com/veilence/veilence-mx/backend/internal/auth/service.go:377.2,378.56 2 11
github.com/veilence/veilence-mx/backend/internal/auth/service.go:378.56,380.3 1 0
github.com/veilence/veilence-mx/backend/internal/auth/service.go:381.2,389.65 3 11
github.com/veilence/veilence-mx/backend/internal/auth/service.go:389.65,391.3 1 0
github.com/veilence/veilence-mx/backend/internal/auth/service.go:393.2,396.8 1 11
github.com/veilence/veilence-mx/backend/internal/auth/service.go:400.42,402.40 2 14
github.com/veilence/veilence-mx/backend/internal/auth/service.go:402.40,404.3 1 0
github.com/veilence/veilence-mx/backend/internal/auth/service.go:405.2,405.44 1 14
github.com/veilence/veilence-mx/backend/internal/auth/service.go:409.39,412.2 2 14
github.com/veilence/veilence-mx/backend/internal/auth/service.go:415.48,418.2 2 6
github.com/veilence/veilence-mx/backend/internal/auth/service.go:422.138,426.17 2 15
github.com/veilence/veilence-mx/backend/internal/auth/service.go:426.17,428.3 1 1
github.com/veilence/veilence-mx/backend/internal/auth/service.go:430.2,430.47 1 15
github.com/veilence/veilence-mx/backend/internal/auth/service.go:430.47,432.3 1 1
github.com/veilence/veilence-mx/backend/internal/auth/service.go:434.2,435.16 2 14
github.com/veilence/veilence-mx/backend/internal/auth/service.go:435.16,437.3 1 0
github.com/veilence/veilence-mx/backend/internal/auth/service.go:439.2,449.54 2 14
github.com/veilence/veilence-mx/backend/internal/auth/service.go:449.54,451.3 1 0
github.com/veilence/veilence-mx/backend/internal/auth/service.go:453.2,454.28 2 14
github.com/veilence/veilence-mx/backend/internal/auth/service.go:458.69,462.16 3 1
github.com/veilence/veilence-mx/backend/internal/auth/service.go:462.16,464.3 1 0
github.com/veilence/veilence-mx/backend/internal/auth/service.go:465.2,465.18 1 1
github.com/veilence/veilence-mx/backend/internal/auth/service.go:469.58,472.65 2 2
github.com/veilence/veilence-mx/backend/internal/auth/service.go:472.65,473.41 1 1
github.com/veilence/veilence-mx/backend/internal/auth/service.go:473.41,475.4 1 1
github.com/veilence/veilence-mx/backend/internal/auth/service.go:476.3,476.49 1 0
github.com/veilence/veilence-mx/backend/internal/auth/service.go:479.2,480.12 2 1
github.com/veilence/veilence-mx/backend/internal/auth/service.go:486.64,490.16 3 7
github.com/veilence/veilence-mx/backend/internal/auth/service.go:490.16,491.41 1 1
github.com/veilence/veilence-mx/backend/internal/auth/service.go:491.41,495.4 2 1
github.com/veilence/veilence-mx/backend/internal/auth/service.go:496.3,496.49 1 0
github.com/veilence/veilence-mx/backend/internal/auth/service.go:500.2,504.16 3 6
github.com/veilence/veilence-mx/backend/internal/auth/service.go:504.16,506.3 1 0
github.com/veilence/veilence-mx/backend/internal/auth/service.go:508.2,514.60 2 6
github.com/veilence/veilence-mx/backend/internal/auth/service.go:514.60,516.3 1 0
github.com/veilence/veilence-mx/backend/internal/auth/service.go:518.2,519.22 2 6
github.com/veilence/veilence-mx/backend/internal/auth/service.go:523.69,529.16 4 5
github.com/veilence/veilence-mx/backend/internal/auth/service.go:529.16,530.41 1 1
github.com/veilence/veilence-mx/backend/internal/auth/service.go:530.41,532.4 1 1
github.com/veilence/veilence-mx/backend/internal/auth/service.go:533.3,533.52 1 0
github.com/veilence/veilence-mx/backend/internal/auth/service.go:536.2,536.26 1 4
github.com/veilence/veilence-mx/backend/internal/auth/service.go:536.26,538.3 1 1
github.com/veilence/veilence-mx/backend/internal/auth/service.go:540.2,540.40 1 3
github.com/veilence/veilence-mx/backend/internal/auth/service.go:540.40,542.3 1 1
github.com/veilence/veilence-mx/backend/internal/auth/service.go:545.2,546.16 2 2
github.com/veilence/veilence-mx/backend/internal/auth/service.go:546.16,548.3 1 0
github.com/veilence/veilence-mx/backend/internal/auth/service.go:551.2,552.16 2 2
github.com/veilence/veilence-mx/backend/internal/auth/service.go:552.16,554.3 1 0
github.com/veilence/veilence-mx/backend/internal/auth/service.go:556.2,557.50 2 2
github.com/veilence/veilence-mx/backend/internal/auth/service.go:557.50,559.3 1 0
github.com/veilence/veilence-mx/backend/internal/auth/service.go:562.2,562.66 1 2
github.com/veilence/veilence-mx/backend/internal/auth/service.go:562.66,564.3 1 0
github.com/veilence/veilence-mx/backend/internal/auth/service.go:566.2,567.12 2 2
github.com/veilence/veilence-mx/backend/internal/auth/service.go:572.79,579.16 4 6
github.com/veilence/veilence-mx/backend/internal/auth/service.go:579.16,581.3 1 0
github.com/veilence/veilence-mx/backend/internal/auth/service.go:583.2,589.64 2 6
github.com/veilence/veilence-mx/backend/internal/auth/service.go:589.64,591.3 1 0
github.com/veilence/veilence-mx/backend/internal/auth/service.go:593.2,594.22 2 6
github.com/veilence/veilence-mx/backend/internal/auth/service.go:598.54,604.16 4 6
github.com/veilence/veilence-mx/backend/internal/auth/service.go:604.16,605.41 1 3
github.com/veilence/veilence-mx/backend/internal/auth/service.go:605.41,607.4 1 3
github.com/veilence/veilence-mx/backend/internal/auth/service.go:608.3,608.59 1 0
github.com/veilence/veilence-mx/backend/internal/auth/service.go:611.2,611.40 1 3
github.com/veilence/veilence-mx/backend/internal/auth/service.go:611.40,613.3 1 1
github.com/veilence/veilence-mx/backend/internal/auth/service.go:615.2,616.16 2 2
github.com/veilence/veilence-mx/backend/internal/auth/service.go:616.16,618.3 1 0
github.com/veilence/veilence-mx/backend/internal/auth/service.go:620.2,621.50 2 2
github.com/veilence/veilence-mx/backend/internal/auth/service.go:621.50,623.3 1 0
github.com/veilence/veilence-mx/backend/internal/auth/service.go:626.2,626.68 1 2
github.com/veilence/veilence-mx/backend/internal/auth/service.go:626.68,628.3 1 0
github.com/veilence/veilence-mx/backend/internal/auth/service.go:630.2,631.12 2 2
github.com/veilence/veilence-mx/backend/internal/auth/service.go:638.111,643.16 3 18
github.com/veilence/veilence-mx/backend/internal/auth/service.go:643.16,645.3 1 0
github.com/veilence/veilence-mx/backend/internal/auth/service.go:647.2,647.34 1 18
github.com/veilence/veilence-mx/backend/internal/auth/service.go:647.34,648.70 1 1
github.com/veilence/veilence-mx/backend/internal/auth/service.go:648.70,650.4 1 0
github.com/veilence/veilence-mx/backend/internal/auth/service.go:651.3,651.10 1 1
github.com/veilence/veilence-mx/backend/internal/auth/service.go:655.2,655.26 1 18
github.com/veilence/veilence-mx/backend/internal/auth/service.go:655.26,657.3 1 1
github.com/veilence/veilence-mx/backend/internal/auth/service.go:659.2,668.56 2 18
github.com/veilence/veilence-mx/backend/internal/auth/service.go:668.56,670.3 1 0
github.com/veilence/veilence-mx/backend/internal/auth/service.go:672.2,673.21 2 18
github.com/veilence/veilence-mx/backend/internal/auth/service.go:677.71,681.16 3 5
github.com/veilence/veilence-mx/backend/internal/auth/service.go:681.16,683.3 1 0
github.com/veilence/veilence-mx/backend/internal/auth/service.go:684.2,684.22 1 5
github.com/veilence/veilence-mx/backend/internal/auth/service.go:688.63,692.16 3 3
github.com/veilence/veilence-mx/backend/internal/auth/service.go:692.16,694.3 1 1
github.com/veilence/veilence-mx/backend/internal/auth/service.go:696.2,696.30 1 2
github.com/veilence/veilence-mx/backend/internal/auth/service.go:696.30,698.3 1 1
github.com/veilence/veilence-mx/backend/internal/auth/service.go:700.2,700.58 1 1
github.com/veilence/veilence-mx/backend/internal/auth/service.go:700.58,702.3 1 0
github.com/veilence/veilence-mx/backend/internal/auth/service.go:704.2,705.12 2 1
github.com/veilence/veilence-mx/backend/internal/auth/service.go:709.57,713.16 3 1
github.com/veilence/veilence-mx/backend/internal/auth/service.go:713.16,715.3 1 0
github.com/veilence/veilence-mx/backend/internal/auth/service.go:716.2,716.15 1 1
github.com/veilence/veilence-mx/backend/internal/auth/service.go:716.15,718.3 1 1
github.com/veilence/veilence-mx/backend/internal/auth/service.go:719.2,719.19 1 1
github.com/veilence/veilence-mx/backend/internal/auth/service.go:723.43,725.40 2 12
github.com/veilence/veilence-mx/backend/internal/auth/service.go:725.40,727.3 1 0
github.com/veilence/veilence-mx/backend/internal/auth/service.go:728.2,728.35 1 12
github.com/veilence/veilence-mx/backend/internal/rbac/context.go:20.65,22.2 1 99
github.com/veilence/veilence-mx/backend/internal/rbac/context.go:26.49,29.2 2 165
github.com/veilence/veilence-mx/backend/internal/rbac/context.go:34.50,36.2 1 201
github.com/veilence/veilence-mx/backend/internal/rbac/context.go:39.71,41.2 1 99
github.com/veilence/veilence-mx/backend/internal/rbac/context.go:45.56,48.2 2 70
github.com/veilence/veilence-mx/backend/internal/rbac/middleware.go:19.63,20.46 1 104
github.com/veilence/veilence-mx/backend/internal/rbac/middleware.go:20.46,21.72 1 104
github.com/veilence/veilence-mx/backend/internal/rbac/middleware.go:21.72,23.19 2 106
github.com/veilence/veilence-mx/backend/internal/rbac/middleware.go:23.19,26.5 2 1
github.com/veilence/veilence-mx/backend/internal/rbac/middleware.go:28.4,35.32 3 105
github.com/veilence/veilence-mx/backend/internal/rbac/middleware.go:35.32,38.5 2 3
github.com/veilence/veilence-mx/backend/internal/rbac/middleware.go:40.4,41.18 2 102
github.com/veilence/veilence-mx/backend/internal/rbac/middleware.go:41.18,49.5 3 3
github.com/veilence/veilence-mx/backend/internal/rbac/middleware.go:51.4,53.41 3 99
github.com/veilence/veilence-mx/backend/internal/rbac/middleware.go:63.95,64.46 1 95
github.com/veilence/veilence-mx/backend/internal/rbac/middleware.go:64.46,65.72 1 95
github.com/veilence/veilence-mx/backend/internal/rbac/middleware.go:65.72,69.33 3 95
github.com/veilence/veilence-mx/backend/internal/rbac/middleware.go:69.33,72.5 2 2
github.com/veilence/veilence-mx/backend/internal/rbac/middleware.go:74.4,74.79 1 93
github.com/veilence/veilence-mx/backend/internal/rbac/middleware.go:74.79,83.5 3 29
github.com/veilence/veilence-mx/backend/internal/rbac/middleware.go:85.4,85.24 1 64
github.com/veilence/veilence-mx/backend/internal/rbac/service.go:42.39,44.2 1 58
github.com/veilence/veilence-mx/backend/internal/rbac/service.go:48.113,52.15 3 49
github.com/veilence/veilence-mx/backend/internal/rbac/service.go:52.15,54.3 1 1
github.com/veilence/veilence-mx/backend/internal/rbac/service.go:56.2,64.50 2 48
github.com/veilence/veilence-mx/backend/internal/rbac/service.go:64.50,65.46 1 48
github.com/veilence/veilence-mx/backend/internal/rbac/service.go:65.46,67.4 1 0
github.com/veilence/veilence-mx/backend/internal/rbac/service.go:70.3,71.17 2 48
github.com/veilence/veilence-mx/backend/internal/rbac/service.go:71.17,73.4 1 0
github.com/veilence/veilence-mx/backend/internal/rbac/service.go:76.3,77.24 2 48
github.com/veilence/veilence-mx/backend/internal/rbac/service.go:77.24,78.41 1 48
github.com/veilence/veilence-mx/backend/internal/rbac/service.go:78.41,80.10 2 48
github.com/veilence/veilence-mx/backend/internal/rbac/service.go:83.3,83.23 1 48
github.com/veilence/veilence-mx/backend/internal/rbac/service.go:83.23,85.4 1 0
github.com/veilence/veilence-mx/backend/internal/rbac/service.go:87.3,93.49 2 48
github.com/veilence/veilence-mx/backend/internal/rbac/service.go:93.49,95.4 1 0
github.com/veilence/veilence-mx/backend/internal/rbac/service.go:97.3,97.13 1 48
github.com/veilence/veilence-mx/backend/internal/rbac/service.go:99.2,99.16 1 48
github.com/veilence/veilence-mx/backend/internal/rbac/service.go:99.16,101.3 1 0
github.com/veilence/veilence-mx/backend/internal/rbac/service.go:103.2,104.17 2 48
github.com/veilence/veilence-mx/backend/internal/rbac/service.go:109.86,112.49 2 48
github.com/veilence/veilence-mx/backend/internal/rbac/service.go:112.49,114.3 1 0
github.com/veilence/veilence-mx/backend/internal/rbac/service.go:116.2,117.29 2 48
github.com/veilence/veilence-mx/backend/internal/rbac/service.go:117.29,120.3 2 1104
github.com/veilence/veilence-mx/backend/internal/rbac/service.go:122.2,122.57 1 48
github.com/veilence/veilence-mx/backend/internal/rbac/service.go:122.57,124.28 2 192
github.com/veilence/veilence-mx/backend/internal/rbac/service.go:124.28,125.33 1 3120
github.com/veilence/veilence-mx/backend/internal/rbac/service.go:125.33,127.5 1 3120
github.com/veilence/veilence-mx/backend/internal/rbac/service.go:129.3,129.15 1 192
github.com/veilence/veilence-mx/backend/internal/rbac/service.go:133.2,136.76 2 48
github.com/veilence/veilence-mx/backend/internal/rbac/service.go:136.76,138.3 1 1104
github.com/veilence/veilence-mx/backend/internal/rbac/service.go:141.2,174.38 5 48
github.com/veilence/veilence-mx/backend/internal/rbac/service.go:174.38,182.48 2 192
github.com/veilence/veilence-mx/backend/internal/rbac/service.go:182.48,184.4 1 0
github.com/veilence/veilence-mx/backend/internal/rbac/service.go:185.3,185.30 1 192
github.com/veilence/veilence-mx/backend/internal/rbac/service.go:188.2,188.19 1 48
github.com/veilence/veilence-mx/backend/internal/rbac/service.go:192.84,198.16 3 1
github.com/veilence/veilence-mx/backend/internal/rbac/service.go:198.16,200.3 1 0
github.com/veilence/veilence-mx/backend/internal/rbac/service.go:201.2,201.18 1 1
github.com/veilence/veilence-mx/backend/internal/rbac/service.go:205.77,207.54 2 3
github.com/veilence/veilence-mx/backend/internal/rbac/service.go:207.54,208.45 1 2
github.com/veilence/veilence-mx/backend/internal/rbac/service.go:208.45,210.4 1 2
github.com/veilence/veilence-mx/backend/internal/rbac/service.go:211.3,211.58 1 0
github.com/veilence/veilence-mx/backend/internal/rbac/service.go:213.2,213.18 1 1
github.com/veilence/veilence-mx/backend/internal/rbac/service.go:217.112,219.54 2 2
github.com/veilence/veilence-mx/backend/internal/rbac/service.go:219.54,220.45 1 0
github.com/veilence/veilence-mx/backend/internal/rbac/service.go:220.45,222.4 1 0
github.com/veilence/veilence-mx/backend/internal/rbac/service.go:223.3,223.58 1 0
github.com/veilence/veilence-mx/backend/internal/rbac/service.go:227.2,227.22 1 2
github.com/veilence/veilence-mx/backend/internal/rbac/service.go:227.22,230.16 3 2
github.com/veilence/veilence-mx/backend/internal/rbac/service.go:230.16,232.4 1 1
github.com/veilence/veilence-mx/backend/internal/rbac/service.go:235.2,239.46 4 1
github.com/veilence/veilence-mx/backend/internal/rbac/service.go:239.46,241.3 1 0
github.com/veilence/veilence-mx/backend/internal/rbac/service.go:242.2,242.18 1 1
github.com/veilence/veilence-mx/backend/internal/rbac/service.go:246.56,248.25 2 2
github.com/veilence/veilence-mx/backend/internal/rbac/service.go:248.25,250.3 1 0
github.com/veilence/veilence-mx/backend/internal/rbac/service.go:251.2,251.30 1 2
github.com/veilence/veilence-mx/backend/internal/rbac/service.go:251.30,253.3 1 1
github.com/veilence/veilence-mx/backend/internal/rbac/service.go:254.2,255.12 2 1
github.com/veilence/veilence-mx/backend/internal/rbac/service.go:259.73,265.16 3 2
github.com/veilence/veilence-mx/backend/internal/rbac/service.go:265.16,267.3 1 0
github.com/veilence/veilence-mx/backend/internal/rbac/service.go:268.2,268.21 1 2
github.com/veilence/veilence-mx/backend/internal/rbac/service.go:274.118,277.94 2 27
github.com/veilence/veilence-mx/backend/internal/rbac/service.go:277.94,278.45 1 1
github.com/veilence/veilence-mx/backend/internal/rbac/service.go:278.45,280.4 1 1
github.com/veilence/veilence-mx/backend/internal/rbac/service.go:281.3,281.55 1 0
github.com/veilence/veilence-mx/backend/internal/rbac/service.go:285.2,285.35 1 26
github.com/veilence/veilence-mx/backend/internal/rbac/service.go:285.35,287.3 1 1
github.com/veilence/veilence-mx/backend/internal/rbac/service.go:290.2,291.16 2 25
github.com/veilence/veilence-mx/backend/internal/rbac/service.go:291.16,293.3 1 0
github.com/veilence/veilence-mx/backend/internal/rbac/service.go:295.2,304.54 2 25
github.com/veilence/veilence-mx/backend/internal/rbac/service.go:304.54,306.3 1 0
github.com/veilence/veilence-mx/backend/internal/rbac/service.go:308.2,309.34 2 25
github.com/veilence/veilence-mx/backend/internal/rbac/service.go:315.108,317.96 2 20
github.com/veilence/veilence-mx/backend/internal/rbac/service.go:317.96,318.45 1 0
github.com/veilence/veilence-mx/backend/internal/rbac/service.go:318.45,320.4 1 0
github.com/veilence/veilence-mx/backend/internal/rbac/service.go:321.3,321.56 1 0
github.com/veilence/veilence-mx/backend/internal/rbac/service.go:324.2,324.34 1 20
github.com/veilence/veilence-mx/backend/internal/rbac/service.go:324.34,326.3 1 0
github.com/veilence/veilence-mx/backend/internal/rbac/service.go:328.2,328.44 1 20
github.com/veilence/veilence-mx/backend/internal/rbac/service.go:328.44,330.3 1 1
github.com/veilence/veilence-mx/backend/internal/rbac/service.go:333.2,333.35 1 19
github.com/veilence/veilence-mx/backend/internal/rbac/service.go:333.35,335.3 1 1
github.com/veilence/veilence-mx/backend/internal/rbac/service.go:338.2,342.23 3 18
github.com/veilence/veilence-mx/backend/internal/rbac/service.go:342.23,344.3 1 1
github.com/veilence/veilence-mx/backend/internal/rbac/service.go:346.2,347.50 2 17
github.com/veilence/veilence-mx/backend/internal/rbac/service.go:347.50,350.52 3 17
github.com/veilence/veilence-mx/backend/internal/rbac/service.go:350.52,352.4 1 0
github.com/veilence/veilence-mx/backend/internal/rbac/service.go:354.3,360.49 2 17
github.com/veilence/veilence-mx/backend/internal/rbac/service.go:360.49,362.4 1 0
github.com/veilence/veilence-mx/backend/internal/rbac/service.go:364.3,364.13 1 17
github.com/veilence/veilence-mx/backend/internal/rbac/service.go:366.2,366.16 1 17
github.com/veilence/veilence-mx/backend/internal/rbac/service.go:366.16,368.3 1 0
github.com/veilence/veilence-mx/backend/internal/rbac/service.go:370.2,371.20 2 17
github.com/veilence/veilence-mx/backend/internal/rbac/service.go:377.82,379.96 2 2
github.com/veilence/veilence-mx/backend/internal/rbac/service.go:379.96,380.45 1 1
github.com/veilence/veilence-mx/backend/internal/rbac/service.go:380.45,382.4 1 1
github.com/veilence/veilence-mx/backend/internal/rbac/service.go:383.3,383.56 1 0
github.com/veilence/veilence-mx/backend/internal/rbac/service.go:386.2,386.25 1 1
github.com/veilence/veilence-mx/backend/internal/rbac/service.go:391.83,397.16 3 3
github.com/veilence/veilence-mx/backend/internal/rbac/service.go:397.16,399.3 1 0
github.com/veilence/veilence-mx/backend/internal/rbac/service.go:400.2,400.25 1 3
github.com/veilence/veilence-mx/backend/internal/rbac/service.go:405.68,409.25 2 3
github.com/veilence/veilence-mx/backend/internal/rbac/service.go:409.25,411.3 1 0
github.com/veilence/veilence-mx/backend/internal/rbac/service.go:412.2,412.30 1 3
github.com/veilence/veilence-mx/backend/internal/rbac/service.go:412.30,414.3 1 2
github.com/veilence/veilence-mx/backend/internal/rbac/service.go:416.2,417.12 2 1
github.com/veilence/veilence-mx/backend/internal/rbac/service.go:421.58,424.54 2 3
github.com/veilence/veilence-mx/backend/internal/rbac/service.go:424.54,425.45 1 0
github.com/veilence/veilence-mx/backend/internal/rbac/service.go:425.45,427.4 1 0
github.com/veilence/veilence-mx/backend/internal/rbac/service.go:428.3,428.53 1 0
github.com/veilence/veilence-mx/backend/internal/rbac/service.go:430.2,430.27 1 3
github.com/veilence/veilence-mx/backend/internal/rbac/service.go:430.27,432.3 1 1
github.com/veilence/veilence-mx/backend/internal/rbac/service.go:434.2,435.25 2 2
github.com/veilence/veilence-mx/backend/internal/rbac/service.go:435.25,437.3 1 0
github.com/veilence/veilence-mx/backend/internal/rbac/service.go:438.2,438.30 1 2
github.com/veilence/veilence-mx/backend/internal/rbac/service.go:438.30,440.3 1 1
github.com/veilence/veilence-mx/backend/internal/rbac/service.go:442.2,443.12 2 1
github.com/veilence/veilence-mx/backend/internal/rbac/service.go:448.94,451.54 2 3
github.com/veilence/veilence-mx/backend/internal/rbac/service.go:451.54,452.45 1 0
github.com/veilence/veilence-mx/backend/internal/rbac/service.go:452.45,454.4 1 0
github.com/veilence/veilence-mx/backend/internal/rbac/service.go:455.3,455.58 1 0
github.com/veilence/veilence-mx/backend/internal/rbac/service.go:457.2,457.27 1 3
github.com/veilence/veilence-mx/backend/internal/rbac/service.go:457.27,459.3 1 1
github.com/veilence/veilence-mx/backend/internal/rbac/service.go:462.2,463.97 2 2
github.com/veilence/veilence-mx/backend/internal/rbac/service.go:463.97,464.45 1 1
github.com/veilence/veilence-mx/backend/internal/rbac/service.go:464.45,466.4 1 1
github.com/veilence/veilence-mx/backend/internal/rbac/service.go:467.3,467.51 1 0
github.com/veilence/veilence-mx/backend/internal/rbac/service.go:471.2,471.35 1 1
github.com/veilence/veilence-mx/backend/internal/rbac/service.go:471.35,473.3 1 0
github.com/veilence/veilence-mx/backend/internal/rbac/service.go:475.2,476.101 2 1
github.com/veilence/veilence-mx/backend/internal/rbac/service.go:476.101,477.45 1 0
github.com/veilence/veilence-mx/backend/internal/rbac/service.go:477.45,479.4 1 0
github.com/veilence/veilence-mx/backend/internal/rbac/service.go:480.3,480.52 1 0
github.com/veilence/veilence-mx/backend/internal/rbac/service.go:483.2,484.49 2 1
github.com/veilence/veilence-mx/backend/internal/rbac/service.go:484.49,486.3 1 0
github.com/veilence/veilence-mx/backend/internal/rbac/service.go:489.2,492.21 3 1
github.com/veilence/veilence-mx/backend/internal/rbac/service.go:497.86,506.16 3 114
github.com/veilence/veilence-mx/backend/internal/rbac/service.go:506.16,508.3 1 0
github.com/veilence/veilence-mx/backend/internal/rbac/service.go:509.2,509.16 1 114
github.com/veilence/veilence-mx/backend/internal/rbac/service.go:509.16,511.3 1 34
github.com/veilence/veilence-mx/backend/internal/rbac/service.go:512.2,512.12 1 80
github.com/veilence/veilence-mx/backend/internal/rbac/service.go:516.66,522.16 3 26
github.com/veilence/veilence-mx/backend/internal/rbac/service.go:522.16,524.3 1 0
github.com/veilence/veilence-mx/backend/internal/rbac/service.go:525.2,525.19 1 26
github.com/veilence/veilence-mx/backend/internal/rbac/service.go:529.68,531.48 2 1
github.com/veilence/veilence-mx/backend/internal/rbac/service.go:531.48,533.3 1 0
github.com/veilence/veilence-mx/backend/internal/rbac/service.go:534.2,534.19 1 1
github.com/veilence/veilence-mx/backend/internal/rbac/service.go:538.84,544.16 3 105
github.com/veilence/veilence-mx/backend/internal/rbac/service.go:544.16,545.45 1 5
github.com/veilence/veilence-mx/backend/internal/rbac/service.go:545.45,547.4 1 5
github.com/veilence/veilence-mx/backend/internal/rbac/service.go:548.3,548.61 1 0
github.com/veilence/veilence-mx/backend/internal/rbac/service.go:550.2,550.21 1 100
github.com/veilence/veilence-mx/backend/internal/rbac/service.go:555.41,556.48 1 58
github.com/veilence/veilence-mx/backend/internal/rbac/service.go:556.48,558.26 2 1334
github.com/veilence/veilence-mx/backend/internal/rbac/service.go:558.26,560.4 1 0
github.com/veilence/veilence-mx/backend/internal/rbac/service.go:562.2,563.12 2 58
github.com/veilence/veilence-mx/backend/internal/rbac/service.go:567.38,569.40 2 25
github.com/veilence/veilence-mx/backend/internal/rbac/service.go:569.40,571.3 1 0
github.com/veilence/veilence-mx/backend/internal/rbac/service.go:572.2,572.35 1 25
github.com/veilence/veilence-mx/backend/internal/rbac/service.go:578.37,581.2 2 47
